-- phpMyAdmin SQL Dump
-- version 5.2.1
-- https://www.phpmyadmin.net/
--
-- Host: 127.0.0.1
-- Waktu pembuatan: 24 Apr 2026 pada 16.12
-- Versi server: 10.4.32-MariaDB
-- Versi PHP: 8.2.12

SET SQL_MODE = "NO_AUTO_VALUE_ON_ZERO";
START TRANSACTION;
SET time_zone = "+00:00";


/*!40101 SET @OLD_CHARACTER_SET_CLIENT=@@CHARACTER_SET_CLIENT */;
/*!40101 SET @OLD_CHARACTER_SET_RESULTS=@@CHARACTER_SET_RESULTS */;
/*!40101 SET @OLD_COLLATION_CONNECTION=@@COLLATION_CONNECTION */;
/*!40101 SET NAMES utf8mb4 */;

--
-- Database: `sinergi_pas`
--

-- --------------------------------------------------------

--
-- Struktur dari tabel `announcements`
--

CREATE TABLE `announcements` (
  `id` bigint(20) UNSIGNED NOT NULL,
  `user_id` bigint(20) UNSIGNED NOT NULL,
  `message` text NOT NULL,
  `type` varchar(255) NOT NULL DEFAULT 'banner',
  `is_active` tinyint(1) NOT NULL DEFAULT 1,
  `created_at` timestamp NULL DEFAULT NULL,
  `updated_at` timestamp NULL DEFAULT NULL,
  `starts_at` timestamp NULL DEFAULT NULL,
  `expires_at` timestamp NULL DEFAULT NULL
) ENGINE=InnoDB DEFAULT CHARSET=utf8mb4 COLLATE=utf8mb4_unicode_ci;

--
-- Dumping data untuk tabel `announcements`
--

INSERT INTO `announcements` (`id`, `user_id`, `message`, `type`, `is_active`, `created_at`, `updated_at`, `starts_at`, `expires_at`) VALUES
(1, 1, 'cek cek 123', 'banner', 0, '2026-04-02 04:34:45', '2026-04-05 01:53:28', NULL, NULL),
(3, 1, 'Pengumuman Untuk Seluruh Pegawai Diharapkan Segera Mengisi Dan Melengkapi Dokumen', 'banner', 1, '2026-04-05 01:54:01', '2026-04-05 01:54:01', NULL, NULL);

-- --------------------------------------------------------

--
-- Struktur dari tabel `attendances`
--

CREATE TABLE `attendances` (
  `id` bigint(20) UNSIGNED NOT NULL,
  `employee_id` bigint(20) UNSIGNED NOT NULL,
  `date` date NOT NULL,
  `check_in` time DEFAULT NULL,
  `check_out` time DEFAULT NULL,
  `late_minutes` int(11) NOT NULL DEFAULT 0,
  `early_minutes` int(11) NOT NULL DEFAULT 0,
  `allowance_amount` decimal(15,2) NOT NULL DEFAULT 0.00,
  `status` enum('present','absent','late','on_leave','picket','sick') DEFAULT 'absent',
  `created_at` timestamp NULL DEFAULT NULL,
  `updated_at` timestamp NULL DEFAULT NULL
) ENGINE=InnoDB DEFAULT CHARSET=utf8mb4 COLLATE=utf8mb4_unicode_ci;

--
-- Dumping data untuk tabel `attendances`
--

INSERT INTO `attendances` (`id`, `employee_id`, `date`, `check_in`, `check_out`, `late_minutes`, `early_minutes`, `allowance_amount`, `status`, `created_at`, `updated_at`) VALUES
(563, 305, '2026-03-30', '06:52:20', '16:00:06', 0, 0, 37000.00, 'present', '2026-04-06 23:41:19', '2026-04-06 23:41:20'),
(564, 305, '2026-03-31', '16:01:13', '16:01:13', 0, 0, 37000.00, 'present', '2026-04-06 23:41:20', '2026-04-06 23:41:20'),
(565, 305, '2026-04-01', '07:26:59', '16:01:09', 0, 0, 37000.00, 'present', '2026-04-06 23:41:20', '2026-04-06 23:41:20'),
(566, 305, '2026-04-02', '07:13:32', '16:00:13', 0, 0, 37000.00, 'present', '2026-04-06 23:41:20', '2026-04-06 23:41:20'),
(567, 315, '2026-03-30', '07:00:01', '16:00:22', 0, 0, 37000.00, 'present', '2026-04-06 23:41:20', '2026-04-06 23:41:20'),
(568, 315, '2026-03-31', '07:03:48', '16:01:04', 0, 0, 37000.00, 'present', '2026-04-06 23:41:20', '2026-04-06 23:41:20'),
(569, 315, '2026-04-01', '07:07:50', '16:01:02', 0, 0, 37000.00, 'present', '2026-04-06 23:41:20', '2026-04-06 23:41:20'),
(570, 315, '2026-04-02', '07:08:44', '16:00:23', 0, 0, 37000.00, 'present', '2026-04-06 23:41:20', '2026-04-06 23:41:20'),
(571, 315, '2026-04-06', '07:01:05', '07:01:05', 0, 0, 37000.00, 'present', '2026-04-06 23:41:20', '2026-04-06 23:41:20'),
(572, 248, '2026-03-30', '07:20:56', '16:02:51', 0, 0, 37000.00, 'present', '2026-04-06 23:41:20', '2026-04-06 23:41:20'),
(573, 248, '2026-03-31', '07:25:14', '16:04:13', 0, 0, 37000.00, 'present', '2026-04-06 23:41:20', '2026-04-06 23:41:20'),
(574, 248, '2026-04-01', '07:26:14', '16:00:49', 0, 0, 37000.00, 'present', '2026-04-06 23:41:20', '2026-04-06 23:41:20'),
(575, 248, '2026-04-02', '07:24:32', '07:24:32', 0, 0, 37000.00, 'present', '2026-04-06 23:41:20', '2026-04-06 23:41:20'),
(576, 248, '2026-04-06', '07:22:20', '07:22:20', 0, 0, 37000.00, 'present', '2026-04-06 23:41:20', '2026-04-06 23:41:20'),
(577, 310, '2026-03-30', '07:04:43', '16:02:29', 0, 0, 37000.00, 'present', '2026-04-06 23:41:20', '2026-04-06 23:41:20'),
(578, 310, '2026-03-31', '06:56:24', '16:01:22', 0, 0, 37000.00, 'present', '2026-04-06 23:41:20', '2026-04-06 23:41:20'),
(579, 310, '2026-04-01', '06:54:41', '16:03:56', 0, 0, 37000.00, 'present', '2026-04-06 23:41:20', '2026-04-06 23:41:20'),
(580, 310, '2026-04-02', '06:55:12', '16:02:37', 0, 0, 37000.00, 'present', '2026-04-06 23:41:20', '2026-04-06 23:41:20'),
(581, 310, '2026-04-04', '06:58:40', '16:20:04', 0, 0, 37000.00, 'present', '2026-04-06 23:41:20', '2026-04-06 23:41:20'),
(582, 310, '2026-04-06', '07:01:22', '07:01:22', 0, 0, 37000.00, 'present', '2026-04-06 23:41:20', '2026-04-06 23:41:20'),
(583, 307, '2026-03-30', '06:59:28', '16:15:42', 0, 0, 37000.00, 'present', '2026-04-06 23:41:20', '2026-04-06 23:41:20'),
(584, 307, '2026-03-31', '07:23:47', '16:23:05', 0, 0, 37000.00, 'present', '2026-04-06 23:41:20', '2026-04-06 23:41:20'),
(585, 307, '2026-04-01', '06:39:40', '16:36:31', 0, 0, 37000.00, 'present', '2026-04-06 23:41:20', '2026-04-06 23:41:20'),
(586, 307, '2026-04-02', '07:03:37', '16:45:30', 0, 0, 37000.00, 'present', '2026-04-06 23:41:20', '2026-04-06 23:41:20'),
(587, 307, '2026-04-06', '07:17:24', '07:17:24', 0, 0, 37000.00, 'present', '2026-04-06 23:41:20', '2026-04-06 23:41:20'),
(588, 287, '2026-03-30', '07:39:11', '16:09:31', 0, 0, 37000.00, 'present', '2026-04-06 23:41:20', '2026-04-06 23:41:20'),
(589, 287, '2026-03-31', '07:32:20', '16:08:34', 0, 0, 37000.00, 'present', '2026-04-06 23:41:20', '2026-04-06 23:41:20'),
(590, 287, '2026-04-01', '07:36:18', '20:51:58', 0, 0, 37000.00, 'present', '2026-04-06 23:41:20', '2026-04-06 23:41:20'),
(591, 287, '2026-04-02', '07:43:09', '16:01:54', 0, 0, 37000.00, 'present', '2026-04-06 23:41:20', '2026-04-06 23:41:20'),
(592, 287, '2026-04-06', '07:35:26', '07:35:26', 0, 0, 37000.00, 'present', '2026-04-06 23:41:20', '2026-04-06 23:41:20'),
(593, 278, '2026-03-30', '07:20:15', '16:12:21', 0, 0, 37000.00, 'present', '2026-04-06 23:41:20', '2026-04-06 23:41:20'),
(594, 278, '2026-03-31', '07:13:04', '16:08:15', 0, 0, 37000.00, 'present', '2026-04-06 23:41:20', '2026-04-06 23:41:20'),
(595, 278, '2026-04-01', '07:17:55', '16:31:17', 0, 0, 37000.00, 'present', '2026-04-06 23:41:20', '2026-04-06 23:41:20'),
(596, 278, '2026-04-02', '07:33:44', '16:47:25', 0, 0, 37000.00, 'present', '2026-04-06 23:41:20', '2026-04-06 23:41:20'),
(597, 278, '2026-04-05', '08:30:21', '16:31:55', 0, 0, 37000.00, 'present', '2026-04-06 23:41:20', '2026-04-06 23:41:20'),
(598, 278, '2026-04-06', '07:04:11', '07:04:11', 0, 0, 37000.00, 'present', '2026-04-06 23:41:20', '2026-04-06 23:41:20'),
(599, 318, '2026-03-30', '07:20:09', '16:57:02', 0, 0, 37000.00, 'present', '2026-04-06 23:41:20', '2026-04-06 23:41:20'),
(600, 318, '2026-03-31', '07:43:05', '16:01:46', 0, 0, 37000.00, 'present', '2026-04-06 23:41:20', '2026-04-06 23:41:20'),
(601, 318, '2026-04-01', '07:50:05', '17:56:35', 0, 0, 37000.00, 'present', '2026-04-06 23:41:20', '2026-04-06 23:41:20'),
(602, 318, '2026-04-02', '07:47:22', '17:18:08', 0, 0, 37000.00, 'present', '2026-04-06 23:41:20', '2026-04-06 23:41:20'),
(603, 318, '2026-04-06', '07:42:51', '07:42:51', 0, 0, 37000.00, 'present', '2026-04-06 23:41:20', '2026-04-06 23:41:20'),
(604, 300, '2026-03-30', '07:17:27', '07:17:27', 0, 0, 41000.00, 'present', '2026-04-06 23:41:20', '2026-04-06 23:41:20'),
(605, 300, '2026-03-31', '07:17:41', '16:38:59', 0, 0, 41000.00, 'present', '2026-04-06 23:41:20', '2026-04-06 23:41:20'),
(606, 300, '2026-04-01', '16:22:10', '16:22:10', 0, 0, 41000.00, 'present', '2026-04-06 23:41:20', '2026-04-06 23:41:21'),
(607, 300, '2026-04-02', '06:26:14', '06:26:14', 0, 0, 41000.00, 'present', '2026-04-06 23:41:21', '2026-04-06 23:41:21'),
(608, 234, '2026-03-30', '13:24:46', '13:24:46', 0, 0, 37000.00, 'present', '2026-04-06 23:41:21', '2026-04-06 23:41:21'),
(609, 234, '2026-03-31', '06:10:01', '06:10:01', 0, 0, 37000.00, 'present', '2026-04-06 23:41:21', '2026-04-06 23:41:21'),
(610, 234, '2026-04-02', '12:46:11', '20:00:19', 0, 0, 37000.00, 'present', '2026-04-06 23:41:21', '2026-04-06 23:41:21'),
(611, 234, '2026-04-03', '06:09:54', '06:09:54', 0, 0, 37000.00, 'present', '2026-04-06 23:41:21', '2026-04-06 23:41:21'),
(612, 234, '2026-04-04', '06:13:00', '06:13:00', 0, 0, 37000.00, 'present', '2026-04-06 23:41:21', '2026-04-06 23:41:21'),
(613, 249, '2026-03-30', '06:26:45', '17:01:44', 0, 0, 37000.00, 'present', '2026-04-06 23:41:21', '2026-04-06 23:41:21'),
(614, 249, '2026-03-31', '06:36:39', '16:39:53', 0, 0, 37000.00, 'present', '2026-04-06 23:41:21', '2026-04-06 23:41:21'),
(615, 249, '2026-04-01', '06:39:06', '20:46:00', 0, 0, 37000.00, 'present', '2026-04-06 23:41:21', '2026-04-06 23:41:21'),
(616, 249, '2026-04-02', '07:01:36', '16:38:32', 0, 0, 37000.00, 'present', '2026-04-06 23:41:21', '2026-04-06 23:41:21'),
(617, 249, '2026-04-06', '06:43:03', '06:43:03', 0, 0, 37000.00, 'present', '2026-04-06 23:41:21', '2026-04-06 23:41:21'),
(618, 309, '2026-03-30', '07:26:45', '18:05:03', 0, 0, 37000.00, 'present', '2026-04-06 23:41:21', '2026-04-06 23:41:21'),
(619, 309, '2026-03-31', '07:15:55', '19:34:51', 0, 0, 37000.00, 'present', '2026-04-06 23:41:21', '2026-04-06 23:41:21'),
(620, 309, '2026-04-01', '06:05:18', '06:05:18', 0, 0, 37000.00, 'present', '2026-04-06 23:41:21', '2026-04-06 23:41:21'),
(621, 309, '2026-04-02', '07:27:35', '17:20:15', 0, 0, 37000.00, 'present', '2026-04-06 23:41:21', '2026-04-06 23:41:21'),
(622, 309, '2026-04-05', '07:49:15', '20:13:19', 0, 0, 37000.00, 'present', '2026-04-06 23:41:21', '2026-04-06 23:41:21'),
(623, 309, '2026-04-06', '06:06:00', '06:06:00', 0, 0, 37000.00, 'present', '2026-04-06 23:41:21', '2026-04-06 23:41:21'),
(624, 247, '2026-03-30', '07:05:14', '17:02:10', 0, 0, 37000.00, 'present', '2026-04-06 23:41:21', '2026-04-06 23:41:21'),
(625, 247, '2026-03-31', '07:09:55', '17:46:22', 0, 0, 37000.00, 'present', '2026-04-06 23:41:21', '2026-04-06 23:41:21'),
(626, 247, '2026-04-01', '06:53:40', '20:52:08', 0, 0, 37000.00, 'present', '2026-04-06 23:41:21', '2026-04-06 23:41:21'),
(627, 247, '2026-04-02', '07:13:42', '07:13:42', 0, 0, 37000.00, 'present', '2026-04-06 23:41:21', '2026-04-06 23:41:21'),
(628, 247, '2026-04-03', '07:53:46', '16:26:31', 0, 0, 37000.00, 'present', '2026-04-06 23:41:21', '2026-04-06 23:41:21'),
(629, 247, '2026-04-06', '07:08:46', '07:08:46', 0, 0, 37000.00, 'present', '2026-04-06 23:41:21', '2026-04-06 23:41:21'),
(630, 290, '2026-03-30', '07:43:26', '16:01:38', 0, 0, 37000.00, 'present', '2026-04-06 23:41:21', '2026-04-06 23:41:21'),
(631, 290, '2026-03-31', '07:18:08', '16:00:20', 0, 0, 37000.00, 'present', '2026-04-06 23:41:21', '2026-04-06 23:41:21'),
(632, 290, '2026-04-01', '07:21:40', '07:21:40', 0, 0, 37000.00, 'present', '2026-04-06 23:41:21', '2026-04-06 23:41:21'),
(633, 290, '2026-04-02', '07:58:51', '07:58:51', 0, 0, 37000.00, 'present', '2026-04-06 23:41:21', '2026-04-06 23:41:21'),
(634, 290, '2026-04-06', '07:20:18', '07:20:18', 0, 0, 37000.00, 'present', '2026-04-06 23:41:21', '2026-04-06 23:41:21'),
(635, 235, '2026-03-30', '07:27:58', '16:19:44', 0, 0, 37000.00, 'present', '2026-04-06 23:41:21', '2026-04-06 23:41:21'),
(636, 235, '2026-03-31', '07:25:59', '17:41:32', 0, 0, 37000.00, 'present', '2026-04-06 23:41:21', '2026-04-06 23:41:21'),
(637, 235, '2026-04-01', '07:26:44', '16:14:25', 0, 0, 37000.00, 'present', '2026-04-06 23:41:21', '2026-04-06 23:41:21'),
(638, 235, '2026-04-02', '07:34:05', '16:14:56', 0, 0, 37000.00, 'present', '2026-04-06 23:41:21', '2026-04-06 23:41:21'),
(639, 235, '2026-04-06', '07:26:31', '07:26:31', 0, 0, 37000.00, 'present', '2026-04-06 23:41:21', '2026-04-06 23:41:21'),
(640, 317, '2026-03-30', '05:57:37', '19:54:59', 0, 0, 37000.00, 'present', '2026-04-06 23:41:21', '2026-04-06 23:41:21'),
(641, 317, '2026-03-31', '06:05:14', '06:05:14', 0, 0, 37000.00, 'present', '2026-04-06 23:41:21', '2026-04-06 23:41:21'),
(642, 317, '2026-04-02', '12:53:10', '20:00:30', 0, 0, 37000.00, 'present', '2026-04-06 23:41:21', '2026-04-06 23:41:21'),
(643, 317, '2026-04-03', '05:57:55', '19:52:18', 0, 0, 37000.00, 'present', '2026-04-06 23:41:21', '2026-04-06 23:41:21'),
(644, 317, '2026-04-04', '06:03:44', '06:03:44', 0, 0, 37000.00, 'present', '2026-04-06 23:41:21', '2026-04-06 23:41:21'),
(645, 257, '2026-03-31', '06:59:48', '16:04:19', 0, 0, 37000.00, 'present', '2026-04-06 23:41:21', '2026-04-06 23:41:21'),
(646, 257, '2026-04-01', '07:15:30', '17:29:13', 0, 0, 37000.00, 'present', '2026-04-06 23:41:21', '2026-04-06 23:41:21'),
(647, 257, '2026-04-02', '06:26:21', '23:02:18', 0, 0, 37000.00, 'present', '2026-04-06 23:41:21', '2026-04-06 23:41:21'),
(648, 257, '2026-04-06', '07:00:59', '07:00:59', 0, 0, 37000.00, 'present', '2026-04-06 23:41:21', '2026-04-06 23:41:21'),
(649, 320, '2026-03-31', '12:50:37', '20:21:29', 0, 0, 37000.00, 'present', '2026-04-06 23:41:21', '2026-04-06 23:41:21'),
(650, 320, '2026-04-01', '06:02:03', '19:49:51', 0, 0, 37000.00, 'present', '2026-04-06 23:41:21', '2026-04-06 23:41:21'),
(651, 320, '2026-04-02', '06:19:40', '06:19:40', 0, 0, 37000.00, 'present', '2026-04-06 23:41:21', '2026-04-06 23:41:21'),
(652, 320, '2026-04-04', '20:14:16', '20:14:16', 0, 0, 37000.00, 'present', '2026-04-06 23:41:21', '2026-04-06 23:41:21'),
(653, 320, '2026-04-05', '05:59:33', '19:52:06', 0, 0, 37000.00, 'present', '2026-04-06 23:41:21', '2026-04-06 23:41:21'),
(654, 320, '2026-04-06', '06:11:39', '06:11:39', 0, 0, 37000.00, 'present', '2026-04-06 23:41:21', '2026-04-06 23:41:21'),
(655, 295, '2026-03-30', '07:46:20', '18:01:28', 0, 0, 37000.00, 'present', '2026-04-06 23:41:21', '2026-04-06 23:41:21'),
(656, 295, '2026-03-31', '07:13:37', '17:06:25', 0, 0, 37000.00, 'present', '2026-04-06 23:41:21', '2026-04-06 23:41:21'),
(657, 295, '2026-04-01', '07:27:50', '07:27:50', 0, 0, 37000.00, 'present', '2026-04-06 23:41:21', '2026-04-06 23:41:22'),
(658, 295, '2026-04-02', '16:43:25', '16:43:25', 0, 0, 37000.00, 'present', '2026-04-06 23:41:22', '2026-04-06 23:41:22'),
(659, 295, '2026-04-06', '07:23:05', '07:23:05', 0, 0, 37000.00, 'present', '2026-04-06 23:41:22', '2026-04-06 23:41:22'),
(660, 239, '2026-03-30', '06:31:29', '16:05:45', 0, 0, 37000.00, 'present', '2026-04-06 23:41:22', '2026-04-06 23:41:22'),
(661, 239, '2026-03-31', '04:55:11', '16:29:44', 0, 0, 37000.00, 'present', '2026-04-06 23:41:22', '2026-04-06 23:41:22'),
(662, 239, '2026-04-01', '07:30:09', '16:50:07', 0, 0, 37000.00, 'present', '2026-04-06 23:41:22', '2026-04-06 23:41:22'),
(663, 239, '2026-04-02', '16:09:33', '16:09:33', 0, 0, 37000.00, 'present', '2026-04-06 23:41:22', '2026-04-06 23:41:22'),
(664, 269, '2026-03-30', '16:09:43', '16:09:43', 0, 0, 37000.00, 'present', '2026-04-06 23:41:22', '2026-04-06 23:41:22'),
(665, 269, '2026-03-31', '07:17:06', '16:29:39', 0, 0, 37000.00, 'present', '2026-04-06 23:41:22', '2026-04-06 23:41:22'),
(666, 269, '2026-04-01', '07:09:16', '07:09:16', 0, 0, 37000.00, 'present', '2026-04-06 23:41:22', '2026-04-06 23:41:22'),
(667, 269, '2026-04-02', '07:20:42', '16:05:55', 0, 0, 37000.00, 'present', '2026-04-06 23:41:22', '2026-04-06 23:41:22'),
(668, 269, '2026-04-06', '07:01:59', '07:01:59', 0, 0, 37000.00, 'present', '2026-04-06 23:41:22', '2026-04-06 23:41:22'),
(669, 311, '2026-03-30', '12:47:57', '20:07:17', 0, 0, 37000.00, 'present', '2026-04-06 23:41:22', '2026-04-06 23:41:22'),
(670, 311, '2026-03-31', '06:05:23', '19:51:18', 0, 0, 37000.00, 'present', '2026-04-06 23:41:22', '2026-04-06 23:41:22'),
(671, 311, '2026-04-01', '06:09:46', '06:09:46', 0, 0, 37000.00, 'present', '2026-04-06 23:41:22', '2026-04-06 23:41:22'),
(672, 311, '2026-04-03', '13:06:37', '20:02:29', 0, 0, 37000.00, 'present', '2026-04-06 23:41:22', '2026-04-06 23:41:22'),
(673, 311, '2026-04-04', '05:52:02', '19:46:34', 0, 0, 37000.00, 'present', '2026-04-06 23:41:22', '2026-04-06 23:41:22'),
(674, 311, '2026-04-05', '06:11:31', '06:11:31', 0, 0, 37000.00, 'present', '2026-04-06 23:41:22', '2026-04-06 23:41:22'),
(675, 245, '2026-03-30', '07:33:41', '20:36:43', 0, 0, 37000.00, 'present', '2026-04-06 23:41:22', '2026-04-06 23:41:22'),
(676, 245, '2026-04-01', '07:33:44', '16:01:27', 0, 0, 37000.00, 'present', '2026-04-06 23:41:22', '2026-04-06 23:41:22'),
(677, 245, '2026-04-02', '07:24:23', '16:26:00', 0, 0, 37000.00, 'present', '2026-04-06 23:41:22', '2026-04-06 23:41:22'),
(678, 245, '2026-04-06', '07:26:13', '07:26:13', 0, 0, 37000.00, 'present', '2026-04-06 23:41:22', '2026-04-06 23:41:22'),
(679, 250, '2026-03-30', '03:43:56', '16:16:07', 0, 0, 37000.00, 'present', '2026-04-06 23:41:22', '2026-04-06 23:41:22'),
(680, 250, '2026-04-01', '03:42:43', '03:42:43', 0, 0, 37000.00, 'present', '2026-04-06 23:41:22', '2026-04-06 23:41:22'),
(681, 250, '2026-04-03', '03:48:41', '16:05:07', 0, 0, 37000.00, 'present', '2026-04-06 23:41:22', '2026-04-06 23:41:22'),
(682, 250, '2026-04-05', '03:49:09', '15:32:16', 0, 0, 37000.00, 'present', '2026-04-06 23:41:22', '2026-04-06 23:41:22'),
(683, 259, '2026-03-30', '07:18:38', '07:18:38', 0, 0, 37000.00, 'present', '2026-04-06 23:41:22', '2026-04-06 23:41:22'),
(684, 259, '2026-03-31', '07:30:33', '20:17:58', 0, 0, 37000.00, 'present', '2026-04-06 23:41:22', '2026-04-06 23:41:22'),
(685, 259, '2026-04-01', '07:24:24', '16:45:15', 0, 0, 37000.00, 'present', '2026-04-06 23:41:22', '2026-04-06 23:41:22'),
(686, 259, '2026-04-02', '07:19:43', '07:19:43', 0, 0, 37000.00, 'present', '2026-04-06 23:41:22', '2026-04-06 23:41:22'),
(687, 259, '2026-04-06', '07:25:47', '07:25:47', 0, 0, 37000.00, 'present', '2026-04-06 23:41:22', '2026-04-06 23:41:22'),
(688, 266, '2026-03-31', '04:05:50', '16:23:47', 0, 0, 37000.00, 'present', '2026-04-06 23:41:22', '2026-04-06 23:41:22'),
(689, 266, '2026-04-02', '04:03:09', '16:18:45', 0, 0, 37000.00, 'present', '2026-04-06 23:41:22', '2026-04-06 23:41:22'),
(690, 266, '2026-04-04', '03:59:16', '16:18:21', 0, 0, 37000.00, 'present', '2026-04-06 23:41:22', '2026-04-06 23:41:22'),
(691, 266, '2026-04-06', '04:03:33', '04:03:33', 0, 0, 37000.00, 'present', '2026-04-06 23:41:22', '2026-04-06 23:41:22'),
(692, 314, '2026-03-30', '07:32:28', '17:14:42', 0, 0, 37000.00, 'present', '2026-04-06 23:41:22', '2026-04-06 23:41:22'),
(693, 314, '2026-03-31', '07:30:30', '17:13:04', 0, 0, 37000.00, 'present', '2026-04-06 23:41:22', '2026-04-06 23:41:22'),
(694, 314, '2026-04-01', '07:45:22', '17:41:05', 0, 0, 37000.00, 'present', '2026-04-06 23:41:22', '2026-04-06 23:41:22'),
(695, 314, '2026-04-02', '07:40:46', '16:28:56', 0, 0, 37000.00, 'present', '2026-04-06 23:41:22', '2026-04-06 23:41:22'),
(696, 314, '2026-04-03', '07:27:51', '07:27:51', 0, 0, 37000.00, 'present', '2026-04-06 23:41:22', '2026-04-06 23:41:22'),
(697, 314, '2026-04-04', '21:52:14', '21:52:14', 0, 0, 37000.00, 'present', '2026-04-06 23:41:22', '2026-04-06 23:41:22'),
(698, 314, '2026-04-05', '06:47:11', '06:47:11', 0, 0, 37000.00, 'present', '2026-04-06 23:41:22', '2026-04-06 23:41:22'),
(699, 314, '2026-04-06', '07:29:58', '07:29:58', 0, 0, 37000.00, 'present', '2026-04-06 23:41:22', '2026-04-06 23:41:22'),
(700, 223, '2026-03-30', '07:03:28', '19:42:25', 0, 0, 37000.00, 'present', '2026-04-06 23:41:23', '2026-04-06 23:41:23'),
(701, 223, '2026-03-31', '07:03:15', '22:23:15', 0, 0, 37000.00, 'present', '2026-04-06 23:41:23', '2026-04-06 23:41:23'),
(702, 223, '2026-04-01', '07:03:09', '21:49:31', 0, 0, 37000.00, 'present', '2026-04-06 23:41:23', '2026-04-06 23:41:23'),
(703, 223, '2026-04-02', '10:47:52', '18:45:30', 0, 0, 37000.00, 'present', '2026-04-06 23:41:23', '2026-04-06 23:41:23'),
(704, 223, '2026-04-03', '23:51:46', '23:51:46', 0, 0, 37000.00, 'present', '2026-04-06 23:41:23', '2026-04-06 23:41:23'),
(705, 223, '2026-04-04', '07:00:02', '07:00:02', 0, 0, 37000.00, 'present', '2026-04-06 23:41:23', '2026-04-06 23:41:23'),
(706, 223, '2026-04-06', '07:05:55', '07:05:55', 0, 0, 37000.00, 'present', '2026-04-06 23:41:23', '2026-04-06 23:41:23'),
(707, 217, '2026-03-30', '06:21:40', '06:21:40', 0, 0, 37000.00, 'present', '2026-04-06 23:41:23', '2026-04-06 23:41:23'),
(708, 217, '2026-03-31', '07:32:45', '07:32:45', 0, 0, 37000.00, 'present', '2026-04-06 23:41:23', '2026-04-06 23:41:23'),
(709, 217, '2026-04-02', '19:49:01', '19:49:01', 0, 0, 37000.00, 'present', '2026-04-06 23:41:23', '2026-04-06 23:41:23'),
(710, 217, '2026-04-03', '05:26:18', '05:26:18', 0, 0, 37000.00, 'present', '2026-04-06 23:41:23', '2026-04-06 23:41:23'),
(711, 217, '2026-04-05', '05:43:55', '19:45:37', 0, 0, 37000.00, 'present', '2026-04-06 23:41:23', '2026-04-06 23:41:23'),
(712, 217, '2026-04-06', '07:17:19', '07:17:19', 0, 0, 37000.00, 'present', '2026-04-06 23:41:23', '2026-04-06 23:41:23'),
(713, 240, '2026-03-30', '07:27:14', '16:03:22', 0, 0, 37000.00, 'present', '2026-04-06 23:41:23', '2026-04-06 23:41:23'),
(714, 240, '2026-03-31', '07:04:44', '16:35:38', 0, 0, 37000.00, 'present', '2026-04-06 23:41:23', '2026-04-06 23:41:23'),
(715, 240, '2026-04-01', '07:06:10', '16:03:14', 0, 0, 37000.00, 'present', '2026-04-06 23:41:23', '2026-04-06 23:41:23'),
(716, 240, '2026-04-02', '06:59:23', '16:05:09', 0, 0, 37000.00, 'present', '2026-04-06 23:41:23', '2026-04-06 23:41:23'),
(717, 240, '2026-04-05', '20:28:40', '20:28:40', 0, 0, 37000.00, 'present', '2026-04-06 23:41:23', '2026-04-06 23:41:23'),
(718, 240, '2026-04-06', '08:05:45', '08:05:45', 0, 0, 37000.00, 'present', '2026-04-06 23:41:23', '2026-04-06 23:41:23'),
(719, 255, '2026-03-30', '07:30:01', '18:36:59', 0, 0, 35000.00, 'present', '2026-04-06 23:41:23', '2026-04-06 23:41:23'),
(720, 255, '2026-03-31', '07:16:48', '16:55:26', 0, 0, 35000.00, 'present', '2026-04-06 23:41:23', '2026-04-06 23:41:23'),
(721, 255, '2026-04-01', '07:27:16', '17:35:49', 0, 0, 35000.00, 'present', '2026-04-06 23:41:23', '2026-04-06 23:41:23'),
(722, 255, '2026-04-02', '07:23:50', '20:06:24', 0, 0, 35000.00, 'present', '2026-04-06 23:41:23', '2026-04-06 23:41:23'),
(723, 255, '2026-04-03', '07:29:12', '16:21:30', 0, 0, 35000.00, 'present', '2026-04-06 23:41:23', '2026-04-06 23:41:23'),
(724, 255, '2026-04-06', '07:23:09', '07:23:09', 0, 0, 35000.00, 'present', '2026-04-06 23:41:23', '2026-04-06 23:41:23'),
(725, 237, '2026-03-30', '07:28:39', '16:00:14', 0, 0, 37000.00, 'present', '2026-04-06 23:41:23', '2026-04-06 23:41:23'),
(726, 237, '2026-03-31', '07:28:00', '21:55:46', 0, 0, 37000.00, 'present', '2026-04-06 23:41:23', '2026-04-06 23:41:23'),
(727, 237, '2026-04-01', '07:27:06', '21:39:41', 0, 0, 37000.00, 'present', '2026-04-06 23:41:23', '2026-04-06 23:41:23'),
(728, 237, '2026-04-02', '07:29:44', '22:45:16', 0, 0, 37000.00, 'present', '2026-04-06 23:41:23', '2026-04-06 23:41:23'),
(729, 237, '2026-04-06', '07:30:45', '07:30:45', 0, 0, 37000.00, 'present', '2026-04-06 23:41:23', '2026-04-06 23:41:23'),
(730, 282, '2026-03-30', '06:02:58', '06:02:58', 0, 0, 35000.00, 'present', '2026-04-06 23:41:23', '2026-04-06 23:41:23'),
(731, 282, '2026-04-01', '13:04:09', '20:01:43', 0, 0, 35000.00, 'present', '2026-04-06 23:41:23', '2026-04-06 23:41:23'),
(732, 282, '2026-04-02', '06:00:08', '19:53:08', 0, 0, 35000.00, 'present', '2026-04-06 23:41:23', '2026-04-06 23:41:23'),
(733, 282, '2026-04-03', '06:01:48', '06:01:48', 0, 0, 35000.00, 'present', '2026-04-06 23:41:23', '2026-04-06 23:41:23'),
(734, 282, '2026-04-05', '12:52:20', '12:52:20', 0, 0, 35000.00, 'present', '2026-04-06 23:41:23', '2026-04-06 23:41:23'),
(735, 282, '2026-04-06', '05:50:51', '05:50:51', 0, 0, 35000.00, 'present', '2026-04-06 23:41:23', '2026-04-06 23:41:23'),
(736, 281, '2026-03-30', '07:25:18', '16:18:53', 0, 0, 37000.00, 'present', '2026-04-06 23:41:23', '2026-04-06 23:41:23'),
(737, 281, '2026-03-31', '07:33:32', '20:46:48', 0, 0, 37000.00, 'present', '2026-04-06 23:41:23', '2026-04-06 23:41:23'),
(738, 281, '2026-04-01', '06:16:47', '06:16:47', 0, 0, 37000.00, 'present', '2026-04-06 23:41:23', '2026-04-06 23:41:23'),
(739, 281, '2026-04-02', '07:33:52', '16:38:39', 0, 0, 37000.00, 'present', '2026-04-06 23:41:23', '2026-04-06 23:41:23'),
(740, 281, '2026-04-04', '08:10:44', '16:10:01', 0, 0, 37000.00, 'present', '2026-04-06 23:41:23', '2026-04-06 23:41:23'),
(741, 281, '2026-04-06', '07:29:00', '07:29:00', 0, 0, 37000.00, 'present', '2026-04-06 23:41:23', '2026-04-06 23:41:23'),
(742, 243, '2026-03-30', '05:54:59', '19:53:51', 0, 0, 35000.00, 'present', '2026-04-06 23:41:23', '2026-04-06 23:41:23'),
(743, 243, '2026-03-31', '06:15:19', '06:15:19', 0, 0, 35000.00, 'present', '2026-04-06 23:41:23', '2026-04-06 23:41:23'),
(744, 243, '2026-04-02', '12:53:15', '20:00:13', 0, 0, 35000.00, 'present', '2026-04-06 23:41:23', '2026-04-06 23:41:23'),
(745, 243, '2026-04-03', '05:54:22', '19:53:55', 0, 0, 35000.00, 'present', '2026-04-06 23:41:23', '2026-04-06 23:41:23'),
(746, 243, '2026-04-04', '06:19:47', '06:19:47', 0, 0, 35000.00, 'present', '2026-04-06 23:41:23', '2026-04-06 23:41:23'),
(747, 308, '2026-03-30', '06:06:45', '06:06:45', 0, 0, 37000.00, 'present', '2026-04-06 23:41:23', '2026-04-06 23:41:24'),
(748, 308, '2026-04-01', '12:53:14', '20:04:10', 0, 0, 37000.00, 'present', '2026-04-06 23:41:24', '2026-04-06 23:41:24'),
(749, 308, '2026-04-02', '06:00:16', '19:57:47', 0, 0, 37000.00, 'present', '2026-04-06 23:41:24', '2026-04-06 23:41:24'),
(750, 308, '2026-04-03', '06:06:43', '06:06:43', 0, 0, 37000.00, 'present', '2026-04-06 23:41:24', '2026-04-06 23:41:24'),
(751, 308, '2026-04-05', '12:57:31', '20:05:47', 0, 0, 37000.00, 'present', '2026-04-06 23:41:24', '2026-04-06 23:41:24'),
(752, 308, '2026-04-06', '05:54:58', '05:54:58', 0, 0, 37000.00, 'present', '2026-04-06 23:41:24', '2026-04-06 23:41:24'),
(753, 288, '2026-03-30', '07:30:42', '17:17:55', 0, 0, 37000.00, 'present', '2026-04-06 23:41:24', '2026-04-06 23:41:24'),
(754, 288, '2026-03-31', '07:30:25', '18:06:46', 0, 0, 37000.00, 'present', '2026-04-06 23:41:24', '2026-04-06 23:41:24'),
(755, 288, '2026-04-01', '07:33:49', '20:53:41', 0, 0, 37000.00, 'present', '2026-04-06 23:41:24', '2026-04-06 23:41:24'),
(756, 288, '2026-04-02', '07:35:55', '16:41:45', 0, 0, 37000.00, 'present', '2026-04-06 23:41:24', '2026-04-06 23:41:24'),
(757, 288, '2026-04-06', '07:29:07', '07:29:07', 0, 0, 37000.00, 'present', '2026-04-06 23:41:24', '2026-04-06 23:41:24'),
(758, 218, '2026-03-30', '07:25:35', '16:06:38', 0, 0, 0.00, 'present', '2026-04-06 23:41:24', '2026-04-06 23:41:24'),
(759, 218, '2026-03-31', '07:24:26', '16:21:45', 0, 0, 0.00, 'present', '2026-04-06 23:41:24', '2026-04-06 23:41:24'),
(760, 218, '2026-04-01', '07:29:41', '16:03:01', 0, 0, 0.00, 'present', '2026-04-06 23:41:24', '2026-04-06 23:41:24'),
(761, 218, '2026-04-02', '07:32:58', '16:02:08', 0, 0, 0.00, 'present', '2026-04-06 23:41:24', '2026-04-06 23:41:24'),
(762, 218, '2026-04-06', '07:33:37', '07:33:37', 0, 0, 0.00, 'present', '2026-04-06 23:41:24', '2026-04-06 23:41:24'),
(763, 299, '2026-03-31', '12:36:37', '20:13:48', 0, 0, 35000.00, 'present', '2026-04-06 23:41:24', '2026-04-06 23:41:24'),
(764, 299, '2026-04-01', '05:53:15', '19:42:36', 0, 0, 35000.00, 'present', '2026-04-06 23:41:24', '2026-04-06 23:41:24'),
(765, 299, '2026-04-02', '06:04:38', '06:04:38', 0, 0, 35000.00, 'present', '2026-04-06 23:41:24', '2026-04-06 23:41:24'),
(766, 299, '2026-04-04', '12:35:41', '20:13:37', 0, 0, 35000.00, 'present', '2026-04-06 23:41:24', '2026-04-06 23:41:24'),
(767, 299, '2026-04-05', '05:59:57', '19:47:28', 0, 0, 35000.00, 'present', '2026-04-06 23:41:24', '2026-04-06 23:41:24'),
(768, 299, '2026-04-06', '06:11:32', '06:11:32', 0, 0, 35000.00, 'present', '2026-04-06 23:41:24', '2026-04-06 23:41:24'),
(769, 252, '2026-04-06', '07:30:52', '07:30:52', 0, 0, 35000.00, 'present', '2026-04-06 23:41:24', '2026-04-07 22:25:42'),
(770, 291, '2026-03-31', '12:49:27', '20:10:44', 0, 0, 35000.00, 'present', '2026-04-06 23:41:24', '2026-04-06 23:41:24'),
(771, 291, '2026-04-01', '05:48:57', '19:43:22', 0, 0, 35000.00, 'present', '2026-04-06 23:41:24', '2026-04-06 23:41:24'),
(772, 291, '2026-04-02', '06:11:16', '06:11:16', 0, 0, 35000.00, 'present', '2026-04-06 23:41:24', '2026-04-06 23:41:24'),
(773, 291, '2026-04-05', '05:41:55', '20:32:10', 0, 0, 35000.00, 'present', '2026-04-06 23:41:24', '2026-04-06 23:41:24'),
(774, 291, '2026-04-06', '06:06:05', '06:06:05', 0, 0, 35000.00, 'present', '2026-04-06 23:41:24', '2026-04-06 23:41:24'),
(775, 270, '2026-03-30', '07:12:53', '16:09:48', 0, 0, 37000.00, 'present', '2026-04-06 23:41:24', '2026-04-06 23:41:25'),
(776, 270, '2026-03-31', '07:21:03', '16:55:42', 0, 0, 37000.00, 'present', '2026-04-06 23:41:25', '2026-04-06 23:41:25'),
(777, 270, '2026-04-06', '07:16:36', '07:16:36', 0, 0, 37000.00, 'present', '2026-04-06 23:41:25', '2026-04-06 23:41:25'),
(778, 221, '2026-03-30', '12:37:24', '20:14:14', 0, 0, 35000.00, 'present', '2026-04-06 23:41:25', '2026-04-06 23:41:25'),
(779, 221, '2026-03-31', '05:42:51', '19:44:28', 0, 0, 35000.00, 'present', '2026-04-06 23:41:25', '2026-04-06 23:41:25'),
(780, 221, '2026-04-01', '06:09:25', '06:09:25', 0, 0, 35000.00, 'present', '2026-04-06 23:41:25', '2026-04-06 23:41:25'),
(781, 221, '2026-04-03', '12:37:05', '20:02:23', 0, 0, 35000.00, 'present', '2026-04-06 23:41:25', '2026-04-06 23:41:25'),
(782, 221, '2026-04-04', '05:40:54', '19:39:16', 0, 0, 35000.00, 'present', '2026-04-06 23:41:25', '2026-04-06 23:41:25'),
(783, 221, '2026-04-05', '06:09:32', '06:09:32', 0, 0, 35000.00, 'present', '2026-04-06 23:41:25', '2026-04-06 23:41:25'),
(784, 226, '2026-03-30', '07:17:24', '16:11:01', 0, 0, 37000.00, 'present', '2026-04-06 23:41:25', '2026-04-06 23:41:25'),
(785, 226, '2026-03-31', '07:17:39', '16:38:55', 0, 0, 37000.00, 'present', '2026-04-06 23:41:25', '2026-04-06 23:41:25'),
(786, 226, '2026-04-01', '07:26:01', '20:44:32', 0, 0, 37000.00, 'present', '2026-04-06 23:41:25', '2026-04-06 23:41:25'),
(787, 226, '2026-04-02', '06:26:11', '06:26:11', 0, 0, 37000.00, 'present', '2026-04-06 23:41:25', '2026-04-06 23:41:25'),
(788, 226, '2026-04-06', '07:22:05', '07:22:05', 0, 0, 37000.00, 'present', '2026-04-06 23:41:25', '2026-04-06 23:41:25'),
(789, 236, '2026-03-30', '07:31:01', '16:03:56', 0, 0, 37000.00, 'present', '2026-04-06 23:41:25', '2026-04-06 23:41:25'),
(790, 236, '2026-03-31', '07:32:42', '07:32:42', 0, 0, 37000.00, 'present', '2026-04-06 23:41:25', '2026-04-06 23:41:25'),
(791, 236, '2026-04-02', '07:31:30', '16:05:37', 0, 0, 37000.00, 'present', '2026-04-06 23:41:25', '2026-04-06 23:41:25'),
(792, 236, '2026-04-06', '07:17:29', '07:17:29', 0, 0, 37000.00, 'present', '2026-04-06 23:41:25', '2026-04-06 23:41:25'),
(793, 241, '2026-03-30', '06:51:42', '16:02:17', 0, 0, 37000.00, 'present', '2026-04-06 23:41:25', '2026-04-06 23:41:25'),
(794, 241, '2026-04-01', '06:47:40', '16:02:46', 0, 0, 37000.00, 'present', '2026-04-06 23:41:25', '2026-04-06 23:41:25'),
(795, 241, '2026-04-02', '06:50:07', '16:01:40', 0, 0, 37000.00, 'present', '2026-04-06 23:41:25', '2026-04-06 23:41:25'),
(796, 241, '2026-04-05', '06:56:18', '16:01:32', 0, 0, 37000.00, 'present', '2026-04-06 23:41:25', '2026-04-06 23:41:25'),
(797, 241, '2026-04-06', '06:48:32', '06:48:32', 0, 0, 37000.00, 'present', '2026-04-06 23:41:25', '2026-04-06 23:41:26'),
(798, 306, '2026-03-30', '05:55:03', '05:55:03', 0, 0, 35000.00, 'present', '2026-04-06 23:41:26', '2026-04-06 23:41:26'),
(799, 306, '2026-04-02', '12:53:20', '20:00:08', 0, 0, 35000.00, 'present', '2026-04-06 23:41:26', '2026-04-07 22:25:42'),
(800, 306, '2026-04-03', '05:56:07', '19:49:17', 0, 0, 35000.00, 'present', '2026-04-06 23:41:26', '2026-04-07 22:25:42'),
(801, 306, '2026-04-04', '06:03:13', '06:03:13', 0, 0, 35000.00, 'present', '2026-04-06 23:41:26', '2026-04-07 22:25:42'),
(802, 256, '2026-03-30', '05:51:33', '19:41:36', 0, 0, 37000.00, 'present', '2026-04-06 23:41:26', '2026-04-06 23:41:26'),
(803, 256, '2026-03-31', '06:17:01', '06:17:01', 0, 0, 37000.00, 'present', '2026-04-06 23:41:26', '2026-04-06 23:41:26'),
(804, 256, '2026-04-02', '12:42:25', '20:08:14', 0, 0, 37000.00, 'present', '2026-04-06 23:41:26', '2026-04-06 23:41:26'),
(805, 256, '2026-04-03', '05:46:56', '19:42:57', 0, 0, 37000.00, 'present', '2026-04-06 23:41:26', '2026-04-06 23:41:26'),
(806, 256, '2026-04-04', '06:20:31', '06:20:31', 0, 0, 37000.00, 'present', '2026-04-06 23:41:26', '2026-04-06 23:41:26'),
(807, 263, '2026-03-30', '07:06:04', '19:55:50', 0, 0, 37000.00, 'present', '2026-04-06 23:41:26', '2026-04-06 23:41:26'),
(808, 263, '2026-03-31', '06:00:12', '06:00:12', 0, 0, 37000.00, 'present', '2026-04-06 23:41:26', '2026-04-06 23:41:26'),
(809, 263, '2026-04-02', '07:08:55', '17:01:51', 0, 0, 37000.00, 'present', '2026-04-06 23:41:26', '2026-04-06 23:41:26'),
(810, 263, '2026-04-04', '07:25:52', '19:57:56', 0, 0, 37000.00, 'present', '2026-04-06 23:41:26', '2026-04-06 23:41:26'),
(811, 263, '2026-04-05', '06:12:00', '06:12:00', 0, 0, 37000.00, 'present', '2026-04-06 23:41:26', '2026-04-06 23:41:26'),
(812, 263, '2026-04-06', '07:06:35', '07:06:35', 0, 0, 37000.00, 'present', '2026-04-06 23:41:26', '2026-04-06 23:41:26'),
(813, 316, '2026-03-30', '05:52:13', '19:51:03', 0, 0, 35000.00, 'present', '2026-04-06 23:41:26', '2026-04-06 23:41:26'),
(814, 316, '2026-03-31', '06:14:16', '06:14:16', 0, 0, 35000.00, 'present', '2026-04-06 23:41:26', '2026-04-06 23:41:26'),
(815, 316, '2026-04-02', '12:46:59', '20:08:06', 0, 0, 35000.00, 'present', '2026-04-06 23:41:26', '2026-04-06 23:41:26'),
(816, 316, '2026-04-03', '05:52:39', '19:49:09', 0, 0, 35000.00, 'present', '2026-04-06 23:41:26', '2026-04-06 23:41:26'),
(817, 316, '2026-04-04', '06:12:53', '06:12:53', 0, 0, 35000.00, 'present', '2026-04-06 23:41:26', '2026-04-06 23:41:26'),
(818, 251, '2026-03-31', '12:59:38', '20:04:11', 0, 0, 35000.00, 'present', '2026-04-06 23:41:27', '2026-04-06 23:41:27'),
(819, 251, '2026-04-01', '06:24:09', '19:45:38', 0, 0, 35000.00, 'present', '2026-04-06 23:41:27', '2026-04-06 23:41:27'),
(820, 251, '2026-04-02', '06:16:08', '06:16:08', 0, 0, 35000.00, 'present', '2026-04-06 23:41:27', '2026-04-06 23:41:27'),
(821, 251, '2026-04-04', '12:53:31', '12:53:31', 0, 0, 35000.00, 'present', '2026-04-06 23:41:27', '2026-04-06 23:41:27'),
(822, 251, '2026-04-05', '06:17:04', '19:48:35', 0, 0, 35000.00, 'present', '2026-04-06 23:41:27', '2026-04-06 23:41:27'),
(823, 251, '2026-04-06', '06:09:48', '06:09:48', 0, 0, 35000.00, 'present', '2026-04-06 23:41:27', '2026-04-06 23:41:27'),
(824, 253, '2026-03-31', '12:39:52', '20:24:11', 0, 0, 35000.00, 'present', '2026-04-06 23:41:27', '2026-04-06 23:41:27'),
(825, 253, '2026-04-01', '05:49:29', '19:33:07', 0, 0, 35000.00, 'present', '2026-04-06 23:41:27', '2026-04-07 22:25:42'),
(826, 253, '2026-04-02', '06:19:36', '06:19:36', 0, 0, 35000.00, 'present', '2026-04-06 23:41:27', '2026-04-07 22:25:42'),
(827, 253, '2026-04-04', '12:49:07', '22:16:42', 0, 0, 35000.00, 'present', '2026-04-06 23:41:27', '2026-04-07 22:25:42'),
(828, 253, '2026-04-05', '05:51:34', '20:05:44', 0, 0, 35000.00, 'present', '2026-04-06 23:41:27', '2026-04-07 22:25:42'),
(829, 253, '2026-04-06', '06:17:32', '06:17:32', 0, 0, 35000.00, 'present', '2026-04-06 23:41:27', '2026-04-07 22:25:42'),
(830, 285, '2026-03-30', '06:06:07', '06:06:07', 0, 0, 35000.00, 'present', '2026-04-06 23:41:27', '2026-04-06 23:41:27'),
(831, 285, '2026-04-05', '13:06:28', '20:04:42', 0, 0, 35000.00, 'present', '2026-04-06 23:41:27', '2026-04-07 22:25:42'),
(832, 285, '2026-04-06', '06:01:43', '06:01:43', 0, 0, 35000.00, 'present', '2026-04-06 23:41:27', '2026-04-07 22:25:42'),
(833, 224, '2026-03-30', '12:57:56', '20:07:26', 0, 0, 35000.00, 'present', '2026-04-06 23:41:27', '2026-04-06 23:41:27'),
(834, 224, '2026-03-31', '06:05:30', '19:42:25', 0, 0, 35000.00, 'present', '2026-04-06 23:41:27', '2026-04-06 23:41:27'),
(835, 224, '2026-04-01', '06:12:26', '06:12:26', 0, 0, 35000.00, 'present', '2026-04-06 23:41:27', '2026-04-06 23:41:27'),
(836, 224, '2026-04-03', '13:15:36', '20:09:31', 0, 0, 35000.00, 'present', '2026-04-06 23:41:27', '2026-04-06 23:41:27'),
(837, 224, '2026-04-04', '05:59:36', '19:52:23', 0, 0, 35000.00, 'present', '2026-04-06 23:41:27', '2026-04-06 23:41:27'),
(838, 224, '2026-04-05', '06:09:46', '06:09:46', 0, 0, 35000.00, 'present', '2026-04-06 23:41:27', '2026-04-06 23:41:27'),
(839, 293, '2026-03-31', '12:51:48', '12:51:48', 0, 0, 35000.00, 'present', '2026-04-06 23:41:27', '2026-04-06 23:41:27'),
(840, 293, '2026-04-01', '05:50:41', '19:52:49', 0, 0, 35000.00, 'present', '2026-04-06 23:41:27', '2026-04-07 22:25:42'),
(841, 293, '2026-04-02', '06:02:37', '06:02:37', 0, 0, 35000.00, 'present', '2026-04-06 23:41:27', '2026-04-07 22:25:42'),
(842, 293, '2026-04-04', '12:52:13', '20:13:55', 0, 0, 35000.00, 'present', '2026-04-06 23:41:27', '2026-04-07 22:25:42'),
(843, 293, '2026-04-05', '05:55:49', '20:00:01', 0, 0, 35000.00, 'present', '2026-04-06 23:41:27', '2026-04-07 22:25:42'),
(844, 293, '2026-04-06', '06:00:08', '06:00:08', 0, 0, 35000.00, 'present', '2026-04-06 23:41:27', '2026-04-07 22:25:42'),
(845, 246, '2026-03-30', '13:10:19', '20:47:59', 0, 0, 35000.00, 'present', '2026-04-06 23:41:27', '2026-04-06 23:41:27'),
(846, 246, '2026-03-31', '06:09:38', '20:08:45', 0, 0, 35000.00, 'present', '2026-04-06 23:41:27', '2026-04-06 23:41:27'),
(847, 246, '2026-04-01', '06:00:18', '06:00:18', 0, 0, 35000.00, 'present', '2026-04-06 23:41:27', '2026-04-06 23:41:27'),
(848, 246, '2026-04-02', '06:18:06', '19:49:04', 0, 0, 35000.00, 'present', '2026-04-06 23:41:27', '2026-04-06 23:41:27'),
(849, 246, '2026-04-03', '06:15:04', '06:15:04', 0, 0, 35000.00, 'present', '2026-04-06 23:41:27', '2026-04-06 23:41:27'),
(850, 246, '2026-04-05', '12:50:49', '20:10:14', 0, 0, 35000.00, 'present', '2026-04-06 23:41:27', '2026-04-06 23:41:27'),
(851, 246, '2026-04-06', '05:56:07', '05:56:07', 0, 0, 35000.00, 'present', '2026-04-06 23:41:27', '2026-04-06 23:41:28'),
(852, 298, '2026-03-30', '07:38:58', '20:07:35', 0, 0, 37000.00, 'present', '2026-04-06 23:41:28', '2026-04-06 23:41:28'),
(853, 298, '2026-03-31', '07:23:25', '23:52:10', 0, 0, 37000.00, 'present', '2026-04-06 23:41:28', '2026-04-06 23:41:28'),
(854, 298, '2026-04-01', '07:32:56', '20:21:11', 0, 0, 37000.00, 'present', '2026-04-06 23:41:28', '2026-04-06 23:41:28'),
(855, 298, '2026-04-02', '06:35:43', '21:53:42', 0, 0, 37000.00, 'present', '2026-04-06 23:41:28', '2026-04-06 23:41:28'),
(856, 298, '2026-04-03', '08:07:58', '18:27:37', 0, 0, 37000.00, 'present', '2026-04-06 23:41:28', '2026-04-06 23:41:28'),
(857, 298, '2026-04-06', '08:09:23', '08:13:31', 0, 0, 37000.00, 'present', '2026-04-06 23:41:28', '2026-04-06 23:41:28'),
(858, 273, '2026-03-30', '06:03:11', '06:03:11', 0, 0, 37000.00, 'present', '2026-04-06 23:41:28', '2026-04-06 23:41:28'),
(859, 273, '2026-03-31', '07:27:27', '16:22:43', 0, 0, 37000.00, 'present', '2026-04-06 23:41:28', '2026-04-06 23:41:28'),
(860, 273, '2026-04-01', '07:24:04', '16:04:27', 0, 0, 37000.00, 'present', '2026-04-06 23:41:28', '2026-04-06 23:41:28'),
(861, 273, '2026-04-02', '07:21:50', '16:00:38', 0, 0, 37000.00, 'present', '2026-04-06 23:41:28', '2026-04-06 23:41:28'),
(862, 273, '2026-04-06', '07:05:50', '07:05:50', 0, 0, 37000.00, 'present', '2026-04-06 23:41:28', '2026-04-06 23:41:28'),
(863, 220, '2026-03-31', '13:03:07', '20:10:48', 0, 0, 35000.00, 'present', '2026-04-06 23:41:28', '2026-04-06 23:41:28'),
(864, 220, '2026-04-01', '05:50:49', '19:48:46', 0, 0, 35000.00, 'present', '2026-04-06 23:41:28', '2026-04-06 23:41:28'),
(865, 220, '2026-04-02', '06:04:47', '06:04:47', 0, 0, 35000.00, 'present', '2026-04-06 23:41:28', '2026-04-06 23:41:28'),
(866, 220, '2026-04-04', '13:06:14', '20:06:24', 0, 0, 35000.00, 'present', '2026-04-06 23:41:28', '2026-04-06 23:41:28'),
(867, 220, '2026-04-05', '05:55:58', '20:32:19', 0, 0, 35000.00, 'present', '2026-04-06 23:41:28', '2026-04-06 23:41:28'),
(868, 220, '2026-04-06', '06:04:26', '06:04:26', 0, 0, 35000.00, 'present', '2026-04-06 23:41:28', '2026-04-06 23:41:28'),
(869, 267, '2026-03-30', '06:09:47', '06:09:47', 0, 0, 35000.00, 'present', '2026-04-06 23:41:28', '2026-04-06 23:41:28'),
(870, 267, '2026-04-01', '12:53:23', '20:09:41', 0, 0, 35000.00, 'present', '2026-04-06 23:41:28', '2026-04-06 23:41:28'),
(871, 267, '2026-04-02', '05:59:10', '20:26:45', 0, 0, 35000.00, 'present', '2026-04-06 23:41:28', '2026-04-06 23:41:28'),
(872, 267, '2026-04-03', '06:07:44', '06:07:44', 0, 0, 35000.00, 'present', '2026-04-06 23:41:28', '2026-04-06 23:41:28'),
(873, 267, '2026-04-05', '12:58:43', '20:09:28', 0, 0, 35000.00, 'present', '2026-04-06 23:41:28', '2026-04-06 23:41:28'),
(874, 267, '2026-04-06', '05:59:18', '05:59:18', 0, 0, 35000.00, 'present', '2026-04-06 23:41:28', '2026-04-06 23:41:28'),
(875, 244, '2026-03-31', '12:49:35', '20:18:25', 0, 0, 35000.00, 'present', '2026-04-06 23:41:28', '2026-04-06 23:41:28'),
(876, 244, '2026-04-01', '05:54:13', '19:49:41', 0, 0, 35000.00, 'present', '2026-04-06 23:41:28', '2026-04-07 22:25:42'),
(877, 244, '2026-04-02', '06:11:38', '06:11:38', 0, 0, 35000.00, 'present', '2026-04-06 23:41:28', '2026-04-07 22:25:42'),
(878, 244, '2026-04-04', '12:50:27', '20:11:35', 0, 0, 35000.00, 'present', '2026-04-06 23:41:28', '2026-04-07 22:25:42'),
(879, 244, '2026-04-05', '05:48:01', '19:44:27', 0, 0, 35000.00, 'present', '2026-04-06 23:41:28', '2026-04-07 22:25:42'),
(880, 244, '2026-04-06', '06:08:02', '06:08:02', 0, 0, 35000.00, 'present', '2026-04-06 23:41:28', '2026-04-07 22:25:42'),
(881, 297, '2026-03-30', '12:53:12', '20:14:44', 0, 0, 35000.00, 'present', '2026-04-06 23:41:28', '2026-04-06 23:41:28'),
(882, 297, '2026-03-31', '05:57:08', '19:51:24', 0, 0, 35000.00, 'present', '2026-04-06 23:41:28', '2026-04-06 23:41:28'),
(883, 297, '2026-04-01', '06:18:26', '06:18:26', 0, 0, 35000.00, 'present', '2026-04-06 23:41:28', '2026-04-06 23:41:28'),
(884, 319, '2026-03-30', '06:20:06', '06:20:06', 0, 0, 35000.00, 'present', '2026-04-06 23:41:28', '2026-04-06 23:41:28'),
(885, 319, '2026-04-01', '12:41:28', '20:13:14', 0, 0, 35000.00, 'present', '2026-04-06 23:41:29', '2026-04-07 22:25:42'),
(886, 319, '2026-04-02', '05:35:45', '19:30:00', 0, 0, 35000.00, 'present', '2026-04-06 23:41:29', '2026-04-07 22:25:42'),
(887, 319, '2026-04-03', '06:20:04', '06:20:04', 0, 0, 35000.00, 'present', '2026-04-06 23:41:29', '2026-04-07 22:25:42'),
(888, 319, '2026-04-05', '12:36:31', '20:08:02', 0, 0, 35000.00, 'present', '2026-04-06 23:41:29', '2026-04-07 22:25:42'),
(889, 319, '2026-04-06', '05:37:13', '05:37:13', 0, 0, 35000.00, 'present', '2026-04-06 23:41:29', '2026-04-07 22:25:42'),
(890, 304, '2026-03-30', '05:43:48', '19:43:37', 0, 0, 37000.00, 'present', '2026-04-06 23:41:29', '2026-04-06 23:41:29'),
(891, 304, '2026-03-31', '06:10:57', '06:10:57', 0, 0, 37000.00, 'present', '2026-04-06 23:41:29', '2026-04-06 23:41:29'),
(892, 304, '2026-04-02', '12:40:39', '20:02:20', 0, 0, 37000.00, 'present', '2026-04-06 23:41:29', '2026-04-06 23:41:29'),
(893, 304, '2026-04-03', '05:44:42', '13:09:35', 0, 0, 37000.00, 'present', '2026-04-06 23:41:29', '2026-04-06 23:41:29'),
(894, 228, '2026-03-30', '06:08:46', '06:08:46', 0, 0, 35000.00, 'present', '2026-04-06 23:41:29', '2026-04-06 23:41:29'),
(895, 228, '2026-04-01', '12:46:14', '20:04:28', 0, 0, 35000.00, 'present', '2026-04-06 23:41:29', '2026-04-06 23:41:29'),
(896, 228, '2026-04-02', '05:45:08', '19:29:56', 0, 0, 35000.00, 'present', '2026-04-06 23:41:29', '2026-04-06 23:41:29'),
(897, 228, '2026-04-03', '06:06:46', '06:06:46', 0, 0, 35000.00, 'present', '2026-04-06 23:41:29', '2026-04-06 23:41:29'),
(898, 228, '2026-04-05', '12:45:36', '20:10:07', 0, 0, 35000.00, 'present', '2026-04-06 23:41:29', '2026-04-06 23:41:29'),
(899, 228, '2026-04-06', '05:39:18', '05:39:18', 0, 0, 35000.00, 'present', '2026-04-06 23:41:29', '2026-04-06 23:41:29'),
(900, 262, '2026-03-30', '06:07:08', '06:07:08', 0, 0, 35000.00, 'present', '2026-04-06 23:41:29', '2026-04-06 23:41:29'),
(901, 262, '2026-04-01', '13:13:17', '20:02:57', 0, 0, 35000.00, 'present', '2026-04-06 23:41:29', '2026-04-07 22:25:42'),
(902, 262, '2026-04-02', '06:08:35', '19:57:08', 0, 0, 35000.00, 'present', '2026-04-06 23:41:29', '2026-04-07 22:25:42'),
(903, 262, '2026-04-03', '06:01:55', '06:01:55', 0, 0, 35000.00, 'present', '2026-04-06 23:41:30', '2026-04-07 22:25:42'),
(904, 262, '2026-04-05', '13:02:55', '20:04:04', 0, 0, 35000.00, 'present', '2026-04-06 23:41:30', '2026-04-07 22:25:42'),
(905, 262, '2026-04-06', '06:00:02', '06:00:02', 0, 0, 35000.00, 'present', '2026-04-06 23:41:30', '2026-04-07 22:25:42'),
(906, 284, '2026-03-31', '12:45:14', '22:25:25', 0, 0, 35000.00, 'present', '2026-04-06 23:41:30', '2026-04-06 23:41:30'),
(907, 284, '2026-04-01', '05:56:44', '19:50:45', 0, 0, 35000.00, 'present', '2026-04-06 23:41:30', '2026-04-06 23:41:30'),
(908, 284, '2026-04-02', '06:00:35', '06:00:35', 0, 0, 35000.00, 'present', '2026-04-06 23:41:30', '2026-04-06 23:41:30'),
(909, 284, '2026-04-04', '12:52:02', '20:02:06', 0, 0, 35000.00, 'present', '2026-04-06 23:41:30', '2026-04-06 23:41:30'),
(910, 284, '2026-04-05', '05:59:38', '19:26:19', 0, 0, 35000.00, 'present', '2026-04-06 23:41:30', '2026-04-06 23:41:30'),
(911, 284, '2026-04-06', '06:01:54', '06:01:54', 0, 0, 35000.00, 'present', '2026-04-06 23:41:30', '2026-04-06 23:41:30'),
(912, 271, '2026-03-30', '13:01:06', '20:16:23', 0, 0, 37000.00, 'present', '2026-04-06 23:41:30', '2026-04-06 23:41:30'),
(913, 271, '2026-03-31', '06:01:56', '19:58:47', 0, 0, 37000.00, 'present', '2026-04-06 23:41:30', '2026-04-06 23:41:30'),
(914, 271, '2026-04-01', '06:12:15', '06:12:15', 0, 0, 37000.00, 'present', '2026-04-06 23:41:30', '2026-04-06 23:41:30'),
(915, 271, '2026-04-03', '12:51:14', '20:03:28', 0, 0, 37000.00, 'present', '2026-04-06 23:41:30', '2026-04-06 23:41:30'),
(916, 271, '2026-04-04', '05:59:50', '19:57:48', 0, 0, 37000.00, 'present', '2026-04-06 23:41:30', '2026-04-06 23:41:30'),
(917, 271, '2026-04-05', '06:12:17', '06:12:17', 0, 0, 37000.00, 'present', '2026-04-06 23:41:30', '2026-04-06 23:41:30'),
(918, 231, '2026-03-30', '07:18:45', '16:04:00', 0, 0, 35000.00, 'present', '2026-04-06 23:41:30', '2026-04-06 23:41:30'),
(919, 231, '2026-03-31', '07:20:58', '16:08:06', 0, 0, 35000.00, 'present', '2026-04-06 23:41:30', '2026-04-06 23:41:30'),
(920, 231, '2026-04-01', '07:19:44', '20:51:42', 0, 0, 35000.00, 'present', '2026-04-06 23:41:30', '2026-04-07 22:25:42'),
(921, 231, '2026-04-03', '06:53:29', '16:04:19', 0, 0, 35000.00, 'present', '2026-04-06 23:41:30', '2026-04-07 22:25:42'),
(922, 231, '2026-04-06', '07:16:14', '07:16:14', 0, 0, 35000.00, 'present', '2026-04-06 23:41:30', '2026-04-07 22:25:42'),
(923, 275, '2026-03-30', '12:57:59', '20:00:53', 0, 0, 35000.00, 'present', '2026-04-06 23:41:30', '2026-04-06 23:41:30'),
(924, 275, '2026-03-31', '06:03:53', '20:00:36', 0, 0, 35000.00, 'present', '2026-04-06 23:41:30', '2026-04-06 23:41:30'),
(925, 275, '2026-04-01', '06:03:41', '06:03:41', 0, 0, 35000.00, 'present', '2026-04-06 23:41:30', '2026-04-07 22:25:42'),
(926, 275, '2026-04-03', '12:59:21', '20:00:39', 0, 0, 35000.00, 'present', '2026-04-06 23:41:30', '2026-04-07 22:25:42'),
(927, 275, '2026-04-04', '06:18:27', '19:57:12', 0, 0, 35000.00, 'present', '2026-04-06 23:41:30', '2026-04-07 22:25:42'),
(928, 275, '2026-04-05', '06:10:43', '06:10:43', 0, 0, 35000.00, 'present', '2026-04-06 23:41:30', '2026-04-07 22:25:42'),
(929, 303, '2026-03-30', '07:29:09', '18:07:34', 0, 0, 37000.00, 'present', '2026-04-06 23:41:30', '2026-04-06 23:41:30'),
(930, 303, '2026-03-31', '07:30:27', '18:03:36', 0, 0, 37000.00, 'present', '2026-04-06 23:41:30', '2026-04-06 23:41:30'),
(931, 303, '2026-04-01', '07:31:29', '17:06:19', 0, 0, 37000.00, 'present', '2026-04-06 23:41:30', '2026-04-06 23:41:31'),
(932, 303, '2026-04-02', '07:31:00', '20:05:29', 0, 0, 37000.00, 'present', '2026-04-06 23:41:31', '2026-04-06 23:41:31'),
(933, 303, '2026-04-03', '06:10:56', '06:10:56', 0, 0, 37000.00, 'present', '2026-04-06 23:41:31', '2026-04-06 23:41:31'),
(934, 303, '2026-04-06', '07:29:26', '07:29:26', 0, 0, 37000.00, 'present', '2026-04-06 23:41:31', '2026-04-06 23:41:31'),
(935, 232, '2026-03-30', '07:25:13', '20:04:08', 0, 0, 35000.00, 'present', '2026-04-06 23:41:31', '2026-04-06 23:41:31'),
(936, 232, '2026-03-31', '07:21:37', '17:06:42', 0, 0, 35000.00, 'present', '2026-04-06 23:41:31', '2026-04-06 23:41:31'),
(937, 232, '2026-04-01', '07:25:09', '20:52:37', 0, 0, 35000.00, 'present', '2026-04-06 23:41:31', '2026-04-06 23:41:31'),
(938, 232, '2026-04-02', '07:22:03', '07:22:03', 0, 0, 35000.00, 'present', '2026-04-06 23:41:31', '2026-04-06 23:41:31'),
(939, 232, '2026-04-03', '08:03:21', '08:03:21', 0, 0, 35000.00, 'present', '2026-04-06 23:41:31', '2026-04-06 23:41:31'),
(940, 232, '2026-04-05', '05:36:50', '05:36:50', 0, 0, 35000.00, 'present', '2026-04-06 23:41:31', '2026-04-06 23:41:31'),
(941, 232, '2026-04-06', '07:13:25', '07:13:25', 0, 0, 35000.00, 'present', '2026-04-06 23:41:31', '2026-04-06 23:41:31'),
(942, 233, '2026-03-30', '06:11:22', '06:11:22', 0, 0, 37000.00, 'present', '2026-04-06 23:41:31', '2026-04-06 23:41:31'),
(943, 233, '2026-04-01', '12:34:22', '20:02:33', 0, 0, 37000.00, 'present', '2026-04-06 23:41:31', '2026-04-06 23:41:31'),
(944, 233, '2026-04-02', '05:30:36', '19:41:19', 0, 0, 37000.00, 'present', '2026-04-06 23:41:31', '2026-04-06 23:41:31'),
(945, 233, '2026-04-03', '06:09:59', '06:09:59', 0, 0, 37000.00, 'present', '2026-04-06 23:41:31', '2026-04-06 23:41:31'),
(946, 233, '2026-04-05', '12:43:21', '20:03:46', 0, 0, 37000.00, 'present', '2026-04-06 23:41:31', '2026-04-06 23:41:31'),
(947, 233, '2026-04-06', '05:33:11', '05:33:11', 0, 0, 37000.00, 'present', '2026-04-06 23:41:31', '2026-04-06 23:41:31'),
(948, 312, '2026-03-30', '06:12:36', '06:12:36', 0, 0, 35000.00, 'present', '2026-04-06 23:41:31', '2026-04-06 23:41:31'),
(949, 312, '2026-04-01', '12:42:53', '20:08:46', 0, 0, 35000.00, 'present', '2026-04-06 23:41:31', '2026-04-07 22:25:42'),
(950, 312, '2026-04-02', '05:45:44', '19:49:07', 0, 0, 35000.00, 'present', '2026-04-06 23:41:31', '2026-04-07 22:25:42'),
(951, 312, '2026-04-03', '06:15:23', '06:15:23', 0, 0, 35000.00, 'present', '2026-04-06 23:41:31', '2026-04-07 22:25:42'),
(952, 312, '2026-04-05', '12:44:52', '20:09:19', 0, 0, 35000.00, 'present', '2026-04-06 23:41:31', '2026-04-07 22:25:42'),
(953, 312, '2026-04-06', '05:48:05', '05:48:05', 0, 0, 35000.00, 'present', '2026-04-06 23:41:31', '2026-04-07 22:25:42'),
(954, 219, '2026-03-30', '12:57:10', '13:09:17', 0, 0, 35000.00, 'present', '2026-04-06 23:41:31', '2026-04-06 23:41:31'),
(955, 219, '2026-03-31', '06:04:02', '19:53:37', 0, 0, 35000.00, 'present', '2026-04-06 23:41:31', '2026-04-06 23:41:31'),
(956, 219, '2026-04-01', '06:05:10', '06:05:10', 0, 0, 35000.00, 'present', '2026-04-06 23:41:31', '2026-04-07 22:25:42'),
(957, 219, '2026-04-03', '12:53:05', '20:00:31', 0, 0, 35000.00, 'present', '2026-04-06 23:41:31', '2026-04-07 22:25:42'),
(958, 219, '2026-04-04', '05:59:57', '20:09:13', 0, 0, 35000.00, 'present', '2026-04-06 23:41:31', '2026-04-07 22:25:42'),
(959, 219, '2026-04-05', '06:08:30', '06:08:30', 0, 0, 35000.00, 'present', '2026-04-06 23:41:31', '2026-04-07 22:25:42'),
(960, 260, '2026-03-30', '12:40:20', '20:03:42', 0, 0, 35000.00, 'present', '2026-04-06 23:41:31', '2026-04-06 23:41:31'),
(961, 260, '2026-03-31', '05:57:03', '19:49:34', 0, 0, 35000.00, 'present', '2026-04-06 23:41:31', '2026-04-06 23:41:31'),
(962, 260, '2026-04-01', '06:09:16', '06:09:16', 0, 0, 35000.00, 'present', '2026-04-06 23:41:31', '2026-04-07 22:25:42'),
(963, 260, '2026-04-03', '12:39:21', '20:10:17', 0, 0, 35000.00, 'present', '2026-04-06 23:41:32', '2026-04-07 22:25:42'),
(964, 260, '2026-04-04', '05:56:59', '19:43:50', 0, 0, 35000.00, 'present', '2026-04-06 23:41:32', '2026-04-07 22:25:42'),
(965, 260, '2026-04-05', '06:10:32', '06:10:32', 0, 0, 35000.00, 'present', '2026-04-06 23:41:32', '2026-04-07 22:25:42'),
(966, 296, '2026-03-31', '12:47:04', '20:14:00', 0, 0, 35000.00, 'present', '2026-04-06 23:41:32', '2026-04-06 23:41:32'),
(967, 296, '2026-04-01', '05:59:26', '19:56:00', 0, 0, 35000.00, 'present', '2026-04-06 23:41:32', '2026-04-07 22:25:42'),
(968, 296, '2026-04-02', '06:15:45', '06:15:45', 0, 0, 35000.00, 'present', '2026-04-06 23:41:32', '2026-04-07 22:25:42'),
(969, 296, '2026-04-04', '12:57:33', '20:06:19', 0, 0, 35000.00, 'present', '2026-04-06 23:41:32', '2026-04-07 22:25:42'),
(970, 296, '2026-04-05', '05:55:54', '19:52:12', 0, 0, 35000.00, 'present', '2026-04-06 23:41:32', '2026-04-07 22:25:42'),
(971, 296, '2026-04-06', '06:25:17', '06:25:17', 0, 0, 35000.00, 'present', '2026-04-06 23:41:32', '2026-04-07 22:25:42'),
(972, 258, '2026-03-30', '05:53:06', '19:47:11', 0, 0, 35000.00, 'present', '2026-04-06 23:41:32', '2026-04-06 23:41:32'),
(973, 258, '2026-03-31', '06:10:06', '06:10:06', 0, 0, 35000.00, 'present', '2026-04-06 23:41:32', '2026-04-06 23:41:32');
INSERT INTO `attendances` (`id`, `employee_id`, `date`, `check_in`, `check_out`, `late_minutes`, `early_minutes`, `allowance_amount`, `status`, `created_at`, `updated_at`) VALUES
(974, 258, '2026-04-02', '12:50:47', '20:02:33', 0, 0, 35000.00, 'present', '2026-04-06 23:41:32', '2026-04-07 22:25:42'),
(975, 258, '2026-04-03', '05:44:48', '19:52:27', 0, 0, 35000.00, 'present', '2026-04-06 23:41:32', '2026-04-07 22:25:42'),
(976, 258, '2026-04-04', '06:16:02', '06:16:02', 0, 0, 35000.00, 'present', '2026-04-06 23:41:32', '2026-04-07 22:25:42'),
(977, 272, '2026-03-30', '05:40:40', '17:19:41', 0, 0, 35000.00, 'present', '2026-04-06 23:41:32', '2026-04-06 23:41:32'),
(978, 272, '2026-03-31', '19:36:47', '19:36:47', 0, 0, 35000.00, 'present', '2026-04-06 23:41:32', '2026-04-06 23:41:32'),
(979, 272, '2026-04-01', '06:17:34', '06:17:34', 0, 0, 35000.00, 'present', '2026-04-06 23:41:32', '2026-04-06 23:41:32'),
(980, 272, '2026-04-02', '07:06:00', '20:02:42', 0, 0, 35000.00, 'present', '2026-04-06 23:41:32', '2026-04-06 23:41:32'),
(981, 272, '2026-04-03', '05:39:54', '17:11:24', 0, 0, 35000.00, 'present', '2026-04-06 23:41:32', '2026-04-06 23:41:32'),
(982, 272, '2026-04-04', '19:39:10', '19:39:10', 0, 0, 35000.00, 'present', '2026-04-06 23:41:32', '2026-04-06 23:41:32'),
(983, 272, '2026-04-05', '06:16:28', '06:16:28', 0, 0, 35000.00, 'present', '2026-04-06 23:41:32', '2026-04-06 23:41:32'),
(984, 272, '2026-04-06', '07:06:47', '07:06:47', 0, 0, 35000.00, 'present', '2026-04-06 23:41:32', '2026-04-06 23:41:32'),
(985, 302, '2026-03-30', '06:10:16', '06:10:16', 0, 0, 35000.00, 'present', '2026-04-06 23:41:32', '2026-04-06 23:41:32'),
(986, 302, '2026-03-31', '07:23:31', '20:09:39', 0, 0, 35000.00, 'present', '2026-04-06 23:41:32', '2026-04-06 23:41:32'),
(987, 302, '2026-04-01', '05:41:18', '17:08:24', 0, 0, 35000.00, 'present', '2026-04-06 23:41:32', '2026-04-06 23:41:32'),
(988, 302, '2026-04-02', '19:25:19', '19:25:19', 0, 0, 35000.00, 'present', '2026-04-06 23:41:32', '2026-04-06 23:41:32'),
(989, 302, '2026-04-03', '05:58:06', '05:58:06', 0, 0, 35000.00, 'present', '2026-04-06 23:41:32', '2026-04-06 23:41:32'),
(990, 302, '2026-04-04', '07:26:02', '20:15:24', 0, 0, 35000.00, 'present', '2026-04-06 23:41:32', '2026-04-06 23:41:32'),
(991, 302, '2026-04-05', '05:45:08', '17:00:34', 0, 0, 35000.00, 'present', '2026-04-06 23:41:32', '2026-04-06 23:41:32'),
(992, 222, '2026-03-30', '06:47:15', '22:28:37', 0, 0, 35000.00, 'present', '2026-04-06 23:41:32', '2026-04-06 23:41:32'),
(993, 222, '2026-03-31', '07:32:49', '20:06:23', 0, 0, 35000.00, 'present', '2026-04-06 23:41:32', '2026-04-06 23:41:32'),
(994, 222, '2026-04-01', '01:14:39', '17:42:18', 0, 0, 35000.00, 'present', '2026-04-06 23:41:32', '2026-04-07 22:25:42'),
(995, 222, '2026-04-02', '06:35:18', '21:53:38', 0, 0, 35000.00, 'present', '2026-04-06 23:41:32', '2026-04-07 22:25:42'),
(996, 222, '2026-04-03', '19:57:34', '19:57:34', 0, 0, 35000.00, 'present', '2026-04-06 23:41:32', '2026-04-07 22:25:42'),
(997, 222, '2026-04-06', '07:29:18', '07:29:18', 0, 0, 35000.00, 'present', '2026-04-06 23:41:32', '2026-04-07 22:25:42'),
(998, 280, '2026-03-30', '07:28:08', '16:30:40', 0, 0, 35000.00, 'present', '2026-04-06 23:41:32', '2026-04-06 23:41:32'),
(999, 280, '2026-03-31', '07:15:58', '17:07:12', 0, 0, 35000.00, 'present', '2026-04-06 23:41:32', '2026-04-06 23:41:32'),
(1000, 280, '2026-04-01', '06:50:21', '16:51:53', 0, 0, 35000.00, 'present', '2026-04-06 23:41:32', '2026-04-07 22:25:42'),
(1001, 280, '2026-04-02', '07:14:33', '16:16:23', 0, 0, 35000.00, 'present', '2026-04-06 23:41:32', '2026-04-07 22:25:42'),
(1002, 280, '2026-04-05', '07:54:16', '17:13:44', 0, 0, 35000.00, 'present', '2026-04-06 23:41:32', '2026-04-07 22:25:42'),
(1003, 280, '2026-04-06', '07:19:15', '07:19:15', 0, 0, 35000.00, 'present', '2026-04-06 23:41:32', '2026-04-07 22:25:42'),
(1004, 322, '2026-03-31', '12:59:33', '22:25:30', 0, 0, 35000.00, 'present', '2026-04-06 23:41:33', '2026-04-06 23:41:33'),
(1005, 322, '2026-04-01', '13:04:49', '20:01:22', 0, 0, 35000.00, 'present', '2026-04-06 23:41:33', '2026-04-07 22:25:42'),
(1006, 322, '2026-04-02', '06:05:01', '06:05:01', 0, 0, 35000.00, 'present', '2026-04-06 23:41:33', '2026-04-07 22:25:42'),
(1007, 322, '2026-04-04', '12:57:37', '20:11:55', 0, 0, 35000.00, 'present', '2026-04-06 23:41:33', '2026-04-07 22:25:42'),
(1008, 322, '2026-04-05', '06:09:25', '19:52:45', 0, 0, 35000.00, 'present', '2026-04-06 23:41:33', '2026-04-07 22:25:42'),
(1009, 322, '2026-04-06', '06:04:31', '06:04:31', 0, 0, 35000.00, 'present', '2026-04-06 23:41:33', '2026-04-07 22:25:42'),
(1010, 225, '2026-03-31', '07:29:17', '16:44:02', 0, 0, 35000.00, 'present', '2026-04-06 23:41:33', '2026-04-06 23:41:33'),
(1011, 225, '2026-04-01', '07:29:00', '17:41:13', 0, 0, 35000.00, 'present', '2026-04-06 23:41:33', '2026-04-07 22:25:42'),
(1012, 225, '2026-04-02', '07:28:22', '16:15:09', 0, 0, 35000.00, 'present', '2026-04-06 23:41:33', '2026-04-07 22:25:42'),
(1013, 268, '2026-03-30', '05:55:09', '19:51:08', 0, 0, 35000.00, 'present', '2026-04-06 23:41:33', '2026-04-06 23:41:33'),
(1014, 268, '2026-03-31', '06:04:11', '06:04:11', 0, 0, 35000.00, 'present', '2026-04-06 23:41:33', '2026-04-06 23:41:33'),
(1015, 268, '2026-04-02', '12:44:44', '20:00:23', 0, 0, 35000.00, 'present', '2026-04-06 23:41:33', '2026-04-07 22:25:42'),
(1016, 268, '2026-04-03', '06:00:35', '20:00:21', 0, 0, 35000.00, 'present', '2026-04-06 23:41:33', '2026-04-07 22:25:42'),
(1017, 268, '2026-04-04', '06:13:08', '06:13:08', 0, 0, 35000.00, 'present', '2026-04-06 23:41:33', '2026-04-07 22:25:42'),
(1018, 229, '2026-03-30', '07:29:35', '16:00:31', 0, 0, 35000.00, 'present', '2026-04-06 23:41:33', '2026-04-06 23:41:33'),
(1019, 229, '2026-03-31', '07:26:41', '07:26:41', 0, 0, 35000.00, 'present', '2026-04-06 23:41:33', '2026-04-06 23:41:33'),
(1020, 229, '2026-04-01', '07:27:20', '16:00:27', 0, 0, 35000.00, 'present', '2026-04-06 23:41:33', '2026-04-07 22:25:42'),
(1021, 229, '2026-04-02', '07:31:33', '07:31:33', 0, 0, 35000.00, 'present', '2026-04-06 23:41:33', '2026-04-07 22:25:42'),
(1022, 229, '2026-04-04', '07:46:33', '07:46:33', 0, 0, 35000.00, 'present', '2026-04-06 23:41:33', '2026-04-07 22:25:42'),
(1023, 229, '2026-04-06', '07:30:33', '07:30:33', 0, 0, 35000.00, 'present', '2026-04-06 23:41:33', '2026-04-07 22:25:42'),
(1024, 261, '2026-03-30', '16:00:36', '16:00:36', 0, 0, 35000.00, 'present', '2026-04-06 23:41:33', '2026-04-06 23:41:33'),
(1025, 261, '2026-03-31', '07:35:55', '16:03:55', 0, 0, 35000.00, 'present', '2026-04-06 23:41:33', '2026-04-06 23:41:33'),
(1026, 261, '2026-04-02', '07:38:29', '16:15:35', 0, 0, 35000.00, 'present', '2026-04-06 23:41:33', '2026-04-07 22:25:42'),
(1027, 261, '2026-04-06', '07:30:37', '07:30:37', 0, 0, 35000.00, 'present', '2026-04-06 23:41:33', '2026-04-07 22:25:42'),
(1028, 242, '2026-03-30', '13:06:52', '21:55:46', 0, 0, 35000.00, 'present', '2026-04-06 23:41:33', '2026-04-06 23:41:33'),
(1029, 242, '2026-03-31', '06:36:07', '19:49:48', 0, 0, 35000.00, 'present', '2026-04-06 23:41:33', '2026-04-06 23:41:33'),
(1030, 242, '2026-04-01', '06:21:23', '06:21:23', 0, 0, 35000.00, 'present', '2026-04-06 23:41:33', '2026-04-07 22:25:42'),
(1031, 242, '2026-04-03', '12:56:51', '20:14:50', 0, 0, 35000.00, 'present', '2026-04-06 23:41:33', '2026-04-07 22:25:42'),
(1032, 242, '2026-04-04', '06:09:25', '19:55:44', 0, 0, 35000.00, 'present', '2026-04-06 23:41:33', '2026-04-07 22:25:42'),
(1033, 242, '2026-04-05', '06:19:13', '06:19:13', 0, 0, 35000.00, 'present', '2026-04-06 23:41:33', '2026-04-07 22:25:42'),
(1034, 283, '2026-03-30', '06:04:16', '06:04:16', 0, 0, 35000.00, 'present', '2026-04-06 23:41:33', '2026-04-06 23:41:33'),
(1035, 283, '2026-04-01', '12:52:12', '20:01:32', 0, 0, 35000.00, 'present', '2026-04-06 23:41:33', '2026-04-07 22:25:42'),
(1036, 283, '2026-04-02', '05:54:27', '19:45:41', 0, 0, 35000.00, 'present', '2026-04-06 23:41:33', '2026-04-07 22:25:42'),
(1037, 283, '2026-04-03', '06:09:26', '06:09:26', 0, 0, 35000.00, 'present', '2026-04-06 23:41:33', '2026-04-07 22:25:42'),
(1038, 283, '2026-04-05', '12:45:04', '20:02:54', 0, 0, 35000.00, 'present', '2026-04-06 23:41:33', '2026-04-07 22:25:42'),
(1039, 283, '2026-04-06', '05:58:45', '05:58:45', 0, 0, 35000.00, 'present', '2026-04-06 23:41:33', '2026-04-07 22:25:42'),
(1040, 301, '2026-03-30', '05:52:44', '13:09:57', 0, 0, 35000.00, 'present', '2026-04-06 23:41:33', '2026-04-06 23:41:33'),
(1041, 301, '2026-04-02', '12:54:07', '20:00:38', 0, 0, 35000.00, 'present', '2026-04-06 23:41:33', '2026-04-07 22:25:42'),
(1042, 301, '2026-04-03', '05:56:25', '19:47:19', 0, 0, 35000.00, 'present', '2026-04-06 23:41:33', '2026-04-07 22:25:42'),
(1043, 301, '2026-04-04', '06:21:05', '06:21:05', 0, 0, 35000.00, 'present', '2026-04-06 23:41:33', '2026-04-07 22:25:42'),
(1044, 294, '2026-03-30', '12:50:49', '20:47:51', 0, 0, 35000.00, 'present', '2026-04-06 23:41:33', '2026-04-06 23:41:33'),
(1045, 294, '2026-03-31', '05:54:37', '19:53:04', 0, 0, 35000.00, 'present', '2026-04-06 23:41:33', '2026-04-06 23:41:33'),
(1046, 294, '2026-04-01', '06:00:07', '06:00:07', 0, 0, 35000.00, 'present', '2026-04-06 23:41:33', '2026-04-07 22:25:42'),
(1047, 294, '2026-04-03', '12:56:30', '20:03:24', 0, 0, 35000.00, 'present', '2026-04-06 23:41:33', '2026-04-07 22:25:42'),
(1048, 294, '2026-04-04', '06:00:32', '19:47:49', 0, 0, 35000.00, 'present', '2026-04-06 23:41:33', '2026-04-07 22:25:42'),
(1049, 294, '2026-04-05', '06:08:19', '06:08:19', 0, 0, 35000.00, 'present', '2026-04-06 23:41:33', '2026-04-07 22:25:42'),
(1050, 313, '2026-03-30', '06:03:21', '06:03:21', 0, 0, 35000.00, 'present', '2026-04-06 23:41:33', '2026-04-06 23:41:33'),
(1051, 313, '2026-04-01', '07:24:07', '16:04:32', 0, 0, 35000.00, 'present', '2026-04-06 23:41:33', '2026-04-07 22:25:42'),
(1052, 313, '2026-04-02', '07:17:17', '16:27:28', 0, 0, 35000.00, 'present', '2026-04-06 23:41:33', '2026-04-07 22:25:42'),
(1053, 313, '2026-04-06', '07:17:33', '07:17:33', 0, 0, 35000.00, 'present', '2026-04-06 23:41:34', '2026-04-07 22:25:42'),
(1054, 264, '2026-03-30', '07:30:19', '07:30:19', 0, 0, 35000.00, 'present', '2026-04-06 23:41:34', '2026-04-06 23:41:34'),
(1055, 264, '2026-04-01', '07:27:46', '19:42:39', 0, 0, 35000.00, 'present', '2026-04-06 23:41:34', '2026-04-06 23:41:34'),
(1056, 264, '2026-04-06', '07:17:56', '07:17:56', 0, 0, 35000.00, 'present', '2026-04-06 23:41:34', '2026-04-06 23:41:34'),
(1057, 230, '2026-03-30', '07:29:03', '16:09:56', 0, 0, 35000.00, 'present', '2026-04-06 23:41:34', '2026-04-06 23:41:34'),
(1058, 230, '2026-03-31', '06:36:54', '13:12:20', 0, 0, 35000.00, 'present', '2026-04-06 23:41:34', '2026-04-06 23:41:34'),
(1059, 230, '2026-04-01', '07:28:13', '07:28:13', 0, 0, 35000.00, 'present', '2026-04-06 23:41:34', '2026-04-07 22:25:42'),
(1060, 230, '2026-04-02', '07:29:34', '16:06:02', 0, 0, 35000.00, 'present', '2026-04-06 23:41:34', '2026-04-07 22:25:42'),
(1061, 230, '2026-04-06', '06:55:35', '06:55:35', 0, 0, 35000.00, 'present', '2026-04-06 23:41:34', '2026-04-07 22:25:42'),
(1062, 277, '2026-03-30', '07:21:18', '07:21:18', 0, 0, 35000.00, 'present', '2026-04-06 23:41:34', '2026-04-06 23:41:34'),
(1063, 277, '2026-03-31', '05:41:57', '19:39:52', 0, 0, 35000.00, 'present', '2026-04-06 23:41:34', '2026-04-06 23:41:34'),
(1064, 277, '2026-04-01', '19:33:11', '20:26:35', 0, 0, 35000.00, 'present', '2026-04-06 23:41:34', '2026-04-06 23:41:34'),
(1065, 277, '2026-04-02', '06:16:57', '06:16:57', 0, 0, 35000.00, 'present', '2026-04-06 23:41:34', '2026-04-06 23:41:34'),
(1066, 277, '2026-04-03', '07:33:58', '20:13:56', 0, 0, 35000.00, 'present', '2026-04-06 23:41:34', '2026-04-06 23:41:34'),
(1067, 277, '2026-04-04', '17:01:22', '17:01:22', 0, 0, 35000.00, 'present', '2026-04-06 23:41:34', '2026-04-06 23:41:34'),
(1068, 277, '2026-04-05', '19:40:07', '19:40:07', 0, 0, 35000.00, 'present', '2026-04-06 23:41:34', '2026-04-06 23:41:34'),
(1069, 277, '2026-04-06', '06:06:12', '06:06:12', 0, 0, 35000.00, 'present', '2026-04-06 23:41:34', '2026-04-06 23:41:34'),
(1070, 286, '2026-03-30', '05:38:12', '19:41:07', 0, 0, 35000.00, 'present', '2026-04-06 23:41:34', '2026-04-06 23:41:34'),
(1071, 286, '2026-03-31', '06:09:50', '06:09:50', 0, 0, 35000.00, 'present', '2026-04-06 23:41:34', '2026-04-06 23:41:34'),
(1072, 286, '2026-04-02', '12:36:28', '20:09:45', 0, 0, 35000.00, 'present', '2026-04-06 23:41:34', '2026-04-06 23:41:34'),
(1073, 286, '2026-04-03', '05:40:57', '19:40:28', 0, 0, 35000.00, 'present', '2026-04-06 23:41:34', '2026-04-06 23:41:34'),
(1074, 286, '2026-04-04', '06:13:13', '06:13:13', 0, 0, 35000.00, 'present', '2026-04-06 23:41:34', '2026-04-06 23:41:34'),
(1075, 274, '2026-03-30', '07:10:24', '16:39:20', 0, 0, 35000.00, 'present', '2026-04-06 23:41:34', '2026-04-06 23:41:34'),
(1076, 274, '2026-03-31', '07:30:49', '17:18:21', 0, 0, 35000.00, 'present', '2026-04-06 23:41:34', '2026-04-06 23:41:34'),
(1077, 274, '2026-04-01', '06:42:16', '17:00:39', 0, 0, 35000.00, 'present', '2026-04-06 23:41:34', '2026-04-06 23:41:34'),
(1078, 274, '2026-04-02', '07:29:38', '16:51:11', 0, 0, 35000.00, 'present', '2026-04-06 23:41:34', '2026-04-06 23:41:34'),
(1079, 274, '2026-04-04', '06:01:17', '16:54:01', 0, 0, 35000.00, 'present', '2026-04-06 23:41:34', '2026-04-06 23:41:34'),
(1080, 274, '2026-04-06', '07:18:02', '07:18:02', 0, 0, 35000.00, 'present', '2026-04-06 23:41:34', '2026-04-06 23:41:34'),
(1081, 227, '2026-03-30', '07:27:03', '16:39:28', 0, 0, 35000.00, 'present', '2026-04-06 23:41:34', '2026-04-06 23:41:34'),
(1082, 227, '2026-03-31', '07:24:37', '17:18:28', 0, 0, 35000.00, 'present', '2026-04-06 23:41:34', '2026-04-06 23:41:34'),
(1083, 227, '2026-04-01', '07:26:19', '17:00:47', 0, 0, 35000.00, 'present', '2026-04-06 23:41:34', '2026-04-06 23:41:34'),
(1084, 227, '2026-04-02', '07:26:26', '16:51:18', 0, 0, 35000.00, 'present', '2026-04-06 23:41:34', '2026-04-06 23:41:34'),
(1085, 227, '2026-04-04', '05:56:38', '16:54:09', 0, 0, 35000.00, 'present', '2026-04-06 23:41:34', '2026-04-06 23:41:34'),
(1086, 227, '2026-04-06', '07:27:05', '07:27:05', 0, 0, 35000.00, 'present', '2026-04-06 23:41:34', '2026-04-06 23:41:34'),
(1087, 292, '2026-03-30', '19:41:17', '19:41:17', 0, 0, 35000.00, 'present', '2026-04-06 23:41:34', '2026-04-06 23:41:34'),
(1088, 292, '2026-03-31', '06:00:26', '06:00:26', 0, 0, 35000.00, 'present', '2026-04-06 23:41:34', '2026-04-06 23:41:34'),
(1089, 292, '2026-04-01', '07:09:33', '20:04:16', 0, 0, 35000.00, 'present', '2026-04-06 23:41:34', '2026-04-06 23:41:34'),
(1090, 292, '2026-04-02', '05:28:57', '17:02:01', 0, 0, 35000.00, 'present', '2026-04-06 23:41:34', '2026-04-06 23:41:34'),
(1091, 292, '2026-04-03', '19:30:21', '19:30:21', 0, 0, 35000.00, 'present', '2026-04-06 23:41:34', '2026-04-06 23:41:34'),
(1092, 292, '2026-04-04', '06:13:49', '06:13:49', 0, 0, 35000.00, 'present', '2026-04-06 23:41:34', '2026-04-06 23:41:34'),
(1093, 292, '2026-04-05', '07:13:41', '20:04:00', 0, 0, 35000.00, 'present', '2026-04-06 23:41:34', '2026-04-06 23:41:34'),
(1094, 292, '2026-04-06', '05:27:51', '05:27:51', 0, 0, 35000.00, 'present', '2026-04-06 23:41:34', '2026-04-06 23:41:34'),
(1095, 265, '2026-03-30', '07:04:53', '16:39:40', 0, 0, 35000.00, 'present', '2026-04-06 23:41:34', '2026-04-06 23:41:34'),
(1096, 265, '2026-03-31', '07:02:30', '17:18:18', 0, 0, 35000.00, 'present', '2026-04-06 23:41:34', '2026-04-06 23:41:34'),
(1097, 265, '2026-04-01', '07:07:00', '17:02:11', 0, 0, 35000.00, 'present', '2026-04-06 23:41:34', '2026-04-06 23:41:34'),
(1098, 265, '2026-04-02', '07:02:06', '16:51:06', 0, 0, 35000.00, 'present', '2026-04-06 23:41:34', '2026-04-06 23:41:34'),
(1099, 265, '2026-04-03', '06:50:19', '16:23:48', 0, 0, 35000.00, 'present', '2026-04-06 23:41:34', '2026-04-06 23:41:34'),
(1100, 265, '2026-04-05', '06:27:21', '16:03:33', 0, 0, 35000.00, 'present', '2026-04-06 23:41:34', '2026-04-06 23:41:34'),
(1101, 265, '2026-04-06', '06:57:17', '06:57:17', 0, 0, 35000.00, 'present', '2026-04-06 23:41:34', '2026-04-06 23:41:34'),
(1102, 238, '2026-03-30', '06:14:25', '16:02:43', 0, 0, 35000.00, 'present', '2026-04-06 23:41:35', '2026-04-06 23:41:35'),
(1103, 238, '2026-03-31', '07:06:26', '17:18:58', 0, 0, 35000.00, 'present', '2026-04-06 23:41:35', '2026-04-06 23:41:35'),
(1104, 238, '2026-04-01', '07:06:04', '16:03:07', 0, 0, 35000.00, 'present', '2026-04-06 23:41:35', '2026-04-06 23:41:35'),
(1105, 238, '2026-04-02', '04:17:31', '22:57:15', 0, 0, 35000.00, 'present', '2026-04-06 23:41:35', '2026-04-06 23:41:35'),
(1106, 238, '2026-04-03', '06:34:26', '16:23:54', 0, 0, 35000.00, 'present', '2026-04-06 23:41:35', '2026-04-06 23:41:35'),
(1107, 238, '2026-04-05', '06:45:12', '16:01:34', 0, 0, 35000.00, 'present', '2026-04-06 23:41:35', '2026-04-06 23:41:35'),
(1108, 238, '2026-04-06', '06:59:01', '06:59:01', 0, 0, 35000.00, 'present', '2026-04-06 23:41:35', '2026-04-06 23:41:35'),
(1109, 279, '2026-03-30', '05:49:46', '17:19:52', 0, 0, 35000.00, 'present', '2026-04-06 23:41:35', '2026-04-06 23:41:35'),
(1110, 279, '2026-03-31', '07:23:38', '19:42:38', 0, 0, 35000.00, 'present', '2026-04-06 23:41:35', '2026-04-06 23:41:35'),
(1111, 279, '2026-04-01', '06:17:37', '06:17:37', 0, 0, 35000.00, 'present', '2026-04-06 23:41:35', '2026-04-06 23:41:35'),
(1112, 279, '2026-04-02', '07:12:19', '20:06:08', 0, 0, 35000.00, 'present', '2026-04-06 23:41:35', '2026-04-06 23:41:35'),
(1113, 279, '2026-04-03', '05:40:17', '17:18:10', 0, 0, 35000.00, 'present', '2026-04-06 23:41:35', '2026-04-06 23:41:35'),
(1114, 279, '2026-04-04', '19:44:15', '19:44:15', 0, 0, 35000.00, 'present', '2026-04-06 23:41:35', '2026-04-06 23:41:35'),
(1115, 279, '2026-04-05', '06:17:32', '06:17:32', 0, 0, 35000.00, 'present', '2026-04-06 23:41:35', '2026-04-06 23:41:35'),
(1116, 279, '2026-04-06', '07:13:19', '07:13:19', 0, 0, 35000.00, 'present', '2026-04-06 23:41:35', '2026-04-06 23:41:35'),
(1117, 321, '2026-03-30', '19:41:13', '19:41:13', 0, 0, 35000.00, 'present', '2026-04-06 23:41:35', '2026-04-06 23:41:35'),
(1118, 321, '2026-03-31', '06:00:20', '06:00:20', 0, 0, 35000.00, 'present', '2026-04-06 23:41:35', '2026-04-06 23:41:35'),
(1119, 321, '2026-04-01', '07:12:03', '20:03:33', 0, 0, 35000.00, 'present', '2026-04-06 23:41:35', '2026-04-06 23:41:35'),
(1120, 321, '2026-04-02', '05:48:59', '17:02:04', 0, 0, 35000.00, 'present', '2026-04-06 23:41:35', '2026-04-06 23:41:35'),
(1121, 321, '2026-04-03', '19:32:14', '19:32:14', 0, 0, 35000.00, 'present', '2026-04-06 23:41:35', '2026-04-06 23:41:35'),
(1122, 321, '2026-04-04', '06:02:55', '06:02:55', 0, 0, 35000.00, 'present', '2026-04-06 23:41:35', '2026-04-06 23:41:35'),
(1123, 321, '2026-04-05', '07:28:03', '20:03:56', 0, 0, 35000.00, 'present', '2026-04-06 23:41:35', '2026-04-06 23:41:35'),
(1124, 321, '2026-04-06', '05:46:53', '05:46:53', 0, 0, 35000.00, 'present', '2026-04-06 23:41:35', '2026-04-06 23:41:35'),
(1125, 217, '2026-04-14', '08:13:29', NULL, -43, 0, 37000.00, 'late', '2026-04-24 05:52:59', '2026-04-24 05:52:59'),
(1126, 217, '2026-04-15', '07:41:31', NULL, -12, 0, 37000.00, 'late', '2026-04-24 05:52:59', '2026-04-24 05:52:59'),
(1127, 217, '2026-04-16', '07:32:02', '18:16:46', -2, 0, 37000.00, 'late', '2026-04-24 05:52:59', '2026-04-24 05:52:59'),
(1128, 217, '2026-04-17', '07:22:32', '17:50:02', 0, 0, 37000.00, 'present', '2026-04-24 05:52:59', '2026-04-24 05:52:59'),
(1129, 217, '2026-04-18', '19:57:04', NULL, 0, 0, 0.00, 'present', '2026-04-24 05:52:59', '2026-04-24 05:52:59'),
(1130, 217, '2026-04-19', '05:16:29', NULL, 0, 0, 0.00, 'present', '2026-04-24 05:52:59', '2026-04-24 05:52:59'),
(1131, 217, '2026-04-20', '07:34:36', NULL, -5, 0, 37000.00, 'late', '2026-04-24 05:52:59', '2026-04-24 05:52:59'),
(1132, 218, '2026-04-14', '07:48:21', '16:38:07', -18, 0, 37000.00, 'late', '2026-04-24 05:52:59', '2026-04-24 05:52:59'),
(1133, 218, '2026-04-15', '07:24:08', '16:45:39', 0, 0, 37000.00, 'present', '2026-04-24 05:52:59', '2026-04-24 05:52:59'),
(1134, 218, '2026-04-16', '07:34:30', '16:16:53', -5, 0, 37000.00, 'late', '2026-04-24 05:52:59', '2026-04-24 05:52:59'),
(1135, 218, '2026-04-17', '07:31:15', '16:05:40', -1, 0, 37000.00, 'late', '2026-04-24 05:52:59', '2026-04-24 05:52:59'),
(1136, 218, '2026-04-20', '07:29:27', NULL, 0, 0, 37000.00, 'present', '2026-04-24 05:52:59', '2026-04-24 05:52:59'),
(1137, 219, '2026-04-15', '12:51:38', NULL, 0, 0, 0.00, 'present', '2026-04-24 05:52:59', '2026-04-24 05:52:59'),
(1138, 219, '2026-04-17', '06:04:57', NULL, -365, 0, 35000.00, 'late', '2026-04-24 05:52:59', '2026-04-24 05:52:59'),
(1139, 219, '2026-04-19', '12:59:24', NULL, 0, 0, 0.00, 'present', '2026-04-24 05:52:59', '2026-04-24 05:52:59'),
(1140, 220, '2026-04-14', '06:07:08', NULL, 0, 0, 0.00, 'present', '2026-04-24 05:52:59', '2026-04-24 05:52:59'),
(1141, 220, '2026-04-16', '13:19:26', NULL, -799, 0, 35000.00, 'late', '2026-04-24 05:52:59', '2026-04-24 05:52:59'),
(1142, 220, '2026-04-17', '13:15:47', '19:55:40', -376, 0, 35000.00, 'late', '2026-04-24 05:52:59', '2026-04-24 05:52:59'),
(1143, 220, '2026-04-18', '06:06:38', NULL, 0, 0, 0.00, 'present', '2026-04-24 05:52:59', '2026-04-24 05:52:59'),
(1144, 221, '2026-04-15', '12:37:26', '20:07:36', 0, 0, 0.00, 'present', '2026-04-24 05:52:59', '2026-04-24 05:52:59'),
(1145, 221, '2026-04-16', '05:43:18', '19:33:34', 0, 0, 35000.00, 'present', '2026-04-24 05:52:59', '2026-04-24 05:52:59'),
(1146, 221, '2026-04-17', '06:19:55', NULL, 0, 0, 35000.00, 'present', '2026-04-24 05:52:59', '2026-04-24 05:52:59'),
(1147, 221, '2026-04-19', '20:02:42', NULL, 0, 0, 0.00, 'present', '2026-04-24 05:52:59', '2026-04-24 05:52:59'),
(1148, 222, '2026-04-14', '06:28:58', NULL, 0, 0, 35000.00, 'present', '2026-04-24 05:52:59', '2026-04-24 05:52:59'),
(1149, 222, '2026-04-15', '23:50:11', NULL, -980, 0, 35000.00, 'late', '2026-04-24 05:52:59', '2026-04-24 05:52:59'),
(1150, 222, '2026-04-16', '00:55:55', '21:19:52', 0, 0, 0.00, 'present', '2026-04-24 05:52:59', '2026-04-24 05:52:59'),
(1151, 222, '2026-04-17', '06:48:47', '21:46:05', 0, 0, 35000.00, 'present', '2026-04-24 05:52:59', '2026-04-24 05:52:59'),
(1152, 222, '2026-04-18', '07:36:05', '17:27:26', 0, 0, 0.00, 'present', '2026-04-24 05:52:59', '2026-04-24 05:52:59'),
(1153, 222, '2026-04-19', '08:40:03', '10:16:57', 0, 0, 0.00, 'present', '2026-04-24 05:52:59', '2026-04-24 05:52:59'),
(1154, 222, '2026-04-20', '07:07:58', NULL, 0, 0, 35000.00, 'present', '2026-04-24 05:52:59', '2026-04-24 05:52:59'),
(1155, 223, '2026-04-14', '07:12:01', '18:29:33', 0, 0, 37000.00, 'present', '2026-04-24 05:52:59', '2026-04-24 05:52:59'),
(1156, 223, '2026-04-15', '07:36:49', '18:31:36', -7, 0, 37000.00, 'late', '2026-04-24 05:52:59', '2026-04-24 05:52:59'),
(1157, 223, '2026-04-16', '07:12:47', '17:21:28', 0, 0, 37000.00, 'present', '2026-04-24 05:52:59', '2026-04-24 05:52:59'),
(1158, 223, '2026-04-17', '07:06:18', '20:56:55', 0, 0, 37000.00, 'present', '2026-04-24 05:52:59', '2026-04-24 05:52:59'),
(1159, 223, '2026-04-20', '07:08:25', NULL, 0, 0, 37000.00, 'present', '2026-04-24 05:52:59', '2026-04-24 05:52:59'),
(1160, 224, '2026-04-15', '07:34:17', '20:07:11', 0, 0, 0.00, 'present', '2026-04-24 05:52:59', '2026-04-24 05:52:59'),
(1161, 224, '2026-04-16', '06:03:47', '20:21:20', 0, 0, 35000.00, 'present', '2026-04-24 05:52:59', '2026-04-24 05:52:59'),
(1162, 224, '2026-04-17', '07:20:16', NULL, 0, 0, 35000.00, 'present', '2026-04-24 05:52:59', '2026-04-24 05:52:59'),
(1163, 224, '2026-04-19', '13:18:11', '20:02:47', 0, 0, 0.00, 'present', '2026-04-24 05:52:59', '2026-04-24 05:52:59'),
(1164, 225, '2026-04-14', '07:27:54', '17:13:17', 0, 0, 35000.00, 'present', '2026-04-24 05:52:59', '2026-04-24 05:52:59'),
(1165, 225, '2026-04-15', '07:30:58', '17:54:11', 0, 0, 35000.00, 'present', '2026-04-24 05:52:59', '2026-04-24 05:52:59'),
(1166, 225, '2026-04-16', '07:28:02', '16:19:33', 0, 0, 35000.00, 'present', '2026-04-24 05:52:59', '2026-04-24 05:52:59'),
(1167, 225, '2026-04-17', '07:24:13', '16:20:15', 0, 0, 35000.00, 'present', '2026-04-24 05:52:59', '2026-04-24 05:52:59'),
(1168, 225, '2026-04-20', '07:19:00', NULL, 0, 0, 35000.00, 'present', '2026-04-24 05:52:59', '2026-04-24 05:52:59'),
(1169, 226, '2026-04-14', '07:22:56', '16:24:20', 0, 0, 0.00, 'present', '2026-04-24 05:52:59', '2026-04-24 05:52:59'),
(1170, 226, '2026-04-16', '07:21:38', '16:35:47', -442, 0, 37000.00, 'late', '2026-04-24 05:52:59', '2026-04-24 05:52:59'),
(1171, 226, '2026-04-17', '07:16:49', '20:48:25', -17, 0, 37000.00, 'late', '2026-04-24 05:52:59', '2026-04-24 05:52:59'),
(1172, 226, '2026-04-18', '04:38:31', NULL, 0, 0, 0.00, 'present', '2026-04-24 05:52:59', '2026-04-24 05:52:59'),
(1173, 226, '2026-04-20', '06:58:21', NULL, -418, 0, 37000.00, 'late', '2026-04-24 05:52:59', '2026-04-24 05:52:59'),
(1174, 227, '2026-04-14', '07:23:43', '17:13:09', 0, 0, 35000.00, 'present', '2026-04-24 05:52:59', '2026-04-24 05:52:59'),
(1175, 227, '2026-04-15', '07:26:12', '17:52:21', 0, 0, 35000.00, 'present', '2026-04-24 05:52:59', '2026-04-24 05:52:59'),
(1176, 227, '2026-04-16', '07:26:56', '17:48:26', 0, 0, 35000.00, 'present', '2026-04-24 05:52:59', '2026-04-24 05:52:59'),
(1177, 227, '2026-04-17', '07:01:35', '16:58:36', 0, 0, 35000.00, 'present', '2026-04-24 05:52:59', '2026-04-24 05:52:59'),
(1178, 227, '2026-04-18', '05:59:21', '17:09:43', 0, 0, 0.00, 'present', '2026-04-24 05:52:59', '2026-04-24 05:52:59'),
(1179, 227, '2026-04-20', '07:23:02', NULL, 0, 0, 35000.00, 'present', '2026-04-24 05:52:59', '2026-04-24 05:52:59'),
(1180, 228, '2026-04-15', '06:06:42', NULL, -367, 0, 35000.00, 'late', '2026-04-24 05:52:59', '2026-04-24 05:52:59'),
(1181, 228, '2026-04-17', '07:12:01', NULL, 0, 0, 0.00, 'present', '2026-04-24 05:52:59', '2026-04-24 05:52:59'),
(1182, 228, '2026-04-18', '06:19:26', '19:32:23', 0, 0, 0.00, 'present', '2026-04-24 05:52:59', '2026-04-24 05:52:59'),
(1183, 228, '2026-04-19', '06:15:28', NULL, 0, 0, 0.00, 'present', '2026-04-24 05:52:59', '2026-04-24 05:52:59'),
(1184, 229, '2026-04-16', '07:28:31', NULL, 0, 0, 35000.00, 'present', '2026-04-24 05:52:59', '2026-04-24 05:52:59'),
(1185, 229, '2026-04-17', '07:27:50', '16:00:24', 0, 0, 35000.00, 'present', '2026-04-24 05:52:59', '2026-04-24 05:52:59'),
(1186, 229, '2026-04-19', '07:42:47', NULL, 0, 0, 0.00, 'present', '2026-04-24 05:52:59', '2026-04-24 05:52:59'),
(1187, 229, '2026-04-20', '07:29:08', NULL, 0, 0, 35000.00, 'present', '2026-04-24 05:52:59', '2026-04-24 05:52:59'),
(1188, 230, '2026-04-14', '07:29:11', '16:10:01', 0, 0, 35000.00, 'present', '2026-04-24 05:52:59', '2026-04-24 05:52:59'),
(1189, 230, '2026-04-16', '07:29:49', '16:48:32', 0, 0, 35000.00, 'present', '2026-04-24 05:52:59', '2026-04-24 05:52:59'),
(1190, 230, '2026-04-17', '06:49:54', '16:19:50', 0, 0, 35000.00, 'present', '2026-04-24 05:52:59', '2026-04-24 05:52:59'),
(1191, 230, '2026-04-20', '07:28:21', NULL, 0, 0, 35000.00, 'present', '2026-04-24 05:52:59', '2026-04-24 05:52:59'),
(1192, 231, '2026-04-14', '07:17:02', '16:25:40', 0, 0, 35000.00, 'present', '2026-04-24 05:52:59', '2026-04-24 05:52:59'),
(1193, 231, '2026-04-15', '07:16:18', '17:44:31', 0, 0, 35000.00, 'present', '2026-04-24 05:52:59', '2026-04-24 05:52:59'),
(1194, 231, '2026-04-16', '07:17:17', '16:07:46', 0, 0, 35000.00, 'present', '2026-04-24 05:52:59', '2026-04-24 05:52:59'),
(1195, 231, '2026-04-17', '07:18:23', '16:05:03', 0, 0, 35000.00, 'present', '2026-04-24 05:52:59', '2026-04-24 05:52:59'),
(1196, 231, '2026-04-18', '06:47:41', '16:13:28', 0, 0, 0.00, 'present', '2026-04-24 05:52:59', '2026-04-24 05:52:59'),
(1197, 231, '2026-04-20', '07:16:02', NULL, 0, 0, 35000.00, 'present', '2026-04-24 05:52:59', '2026-04-24 05:52:59'),
(1198, 232, '2026-04-14', '07:19:24', NULL, 0, 0, 35000.00, 'present', '2026-04-24 05:52:59', '2026-04-24 05:52:59'),
(1199, 232, '2026-04-15', '07:19:53', '20:36:26', 0, 0, 35000.00, 'present', '2026-04-24 05:52:59', '2026-04-24 05:52:59'),
(1200, 232, '2026-04-16', '07:21:02', NULL, 0, 0, 35000.00, 'present', '2026-04-24 05:52:59', '2026-04-24 05:52:59'),
(1201, 232, '2026-04-17', '07:24:10', NULL, 0, 0, 35000.00, 'present', '2026-04-24 05:52:59', '2026-04-24 05:52:59'),
(1202, 232, '2026-04-18', '07:30:42', '17:28:18', 0, 0, 0.00, 'present', '2026-04-24 05:52:59', '2026-04-24 05:52:59'),
(1203, 232, '2026-04-19', '07:28:28', '21:00:57', 0, 0, 0.00, 'present', '2026-04-24 05:52:59', '2026-04-24 05:52:59'),
(1204, 232, '2026-04-20', '07:16:36', NULL, 0, 0, 35000.00, 'present', '2026-04-24 05:52:59', '2026-04-24 05:52:59'),
(1205, 233, '2026-04-15', '06:11:13', NULL, -371, 0, 37000.00, 'late', '2026-04-24 05:52:59', '2026-04-24 05:52:59'),
(1206, 233, '2026-04-17', '12:57:33', '20:08:12', 0, 0, 0.00, 'present', '2026-04-24 05:52:59', '2026-04-24 05:52:59'),
(1207, 233, '2026-04-18', '05:41:17', '19:39:59', 0, 0, 0.00, 'present', '2026-04-24 05:52:59', '2026-04-24 05:52:59'),
(1208, 233, '2026-04-19', '06:15:00', NULL, 0, 0, 0.00, 'present', '2026-04-24 05:52:59', '2026-04-24 05:52:59'),
(1209, 234, '2026-04-14', '12:28:08', NULL, -298, 0, 37000.00, 'late', '2026-04-24 05:52:59', '2026-04-24 05:52:59'),
(1210, 234, '2026-04-20', '06:08:40', NULL, 0, 0, 0.00, 'present', '2026-04-24 05:52:59', '2026-04-24 05:52:59'),
(1211, 235, '2026-04-14', '07:47:51', '17:08:00', -18, 0, 37000.00, 'late', '2026-04-24 05:52:59', '2026-04-24 05:52:59'),
(1212, 235, '2026-04-15', '07:23:13', '17:51:33', 0, 0, 37000.00, 'present', '2026-04-24 05:52:59', '2026-04-24 05:52:59'),
(1213, 235, '2026-04-16', '07:26:18', '17:25:42', 0, 0, 37000.00, 'present', '2026-04-24 05:52:59', '2026-04-24 05:52:59'),
(1214, 235, '2026-04-17', '07:27:43', '16:30:48', 0, 0, 37000.00, 'present', '2026-04-24 05:52:59', '2026-04-24 05:52:59'),
(1215, 235, '2026-04-20', '07:27:29', NULL, 0, 0, 37000.00, 'present', '2026-04-24 05:52:59', '2026-04-24 05:52:59'),
(1216, 236, '2026-04-14', '07:37:30', '16:26:24', -8, 0, 37000.00, 'late', '2026-04-24 05:52:59', '2026-04-24 05:52:59'),
(1217, 236, '2026-04-16', '07:35:35', NULL, -6, 0, 37000.00, 'late', '2026-04-24 05:52:59', '2026-04-24 05:52:59'),
(1218, 236, '2026-04-17', '07:34:22', '16:05:14', -4, 0, 37000.00, 'late', '2026-04-24 05:52:59', '2026-04-24 05:52:59'),
(1219, 236, '2026-04-20', '07:33:41', NULL, -4, 0, 37000.00, 'late', '2026-04-24 05:52:59', '2026-04-24 05:52:59'),
(1220, 237, '2026-04-14', '07:24:51', '16:11:43', 0, 0, 37000.00, 'present', '2026-04-24 05:52:59', '2026-04-24 05:52:59'),
(1221, 237, '2026-04-15', '07:32:11', '20:27:55', -2, 0, 37000.00, 'late', '2026-04-24 05:52:59', '2026-04-24 05:52:59'),
(1222, 237, '2026-04-16', '07:33:50', '21:40:18', -4, 0, 37000.00, 'late', '2026-04-24 05:52:59', '2026-04-24 05:52:59'),
(1223, 237, '2026-04-17', '07:32:16', '22:39:57', -2, 0, 37000.00, 'late', '2026-04-24 05:52:59', '2026-04-24 05:52:59'),
(1224, 237, '2026-04-20', '07:29:53', NULL, 0, 0, 37000.00, 'present', '2026-04-24 05:52:59', '2026-04-24 05:52:59'),
(1225, 238, '2026-04-14', '07:06:28', '17:13:06', 0, 0, 35000.00, 'present', '2026-04-24 05:52:59', '2026-04-24 05:52:59'),
(1226, 238, '2026-04-15', '07:05:37', '17:52:11', 0, 0, 35000.00, 'present', '2026-04-24 05:52:59', '2026-04-24 05:52:59'),
(1227, 238, '2026-04-16', '06:51:53', '17:48:40', 0, 0, 35000.00, 'present', '2026-04-24 05:52:59', '2026-04-24 05:52:59'),
(1228, 238, '2026-04-17', '07:04:34', '16:58:38', 0, 0, 35000.00, 'present', '2026-04-24 05:52:59', '2026-04-24 05:52:59'),
(1229, 238, '2026-04-19', '06:48:32', '17:23:58', 0, 0, 0.00, 'present', '2026-04-24 05:52:59', '2026-04-24 05:52:59'),
(1230, 238, '2026-04-20', '06:59:59', NULL, 0, 0, 35000.00, 'present', '2026-04-24 05:52:59', '2026-04-24 05:52:59'),
(1231, 239, '2026-04-14', '06:52:24', '16:45:25', 0, 0, 37000.00, 'present', '2026-04-24 05:52:59', '2026-04-24 05:52:59'),
(1232, 239, '2026-04-15', '06:47:52', '17:06:06', 0, 0, 37000.00, 'present', '2026-04-24 05:52:59', '2026-04-24 05:52:59'),
(1233, 239, '2026-04-16', '06:53:31', '16:14:06', 0, 0, 37000.00, 'present', '2026-04-24 05:52:59', '2026-04-24 05:52:59'),
(1234, 239, '2026-04-17', '06:26:20', NULL, 0, 0, 37000.00, 'present', '2026-04-24 05:52:59', '2026-04-24 05:52:59'),
(1235, 239, '2026-04-19', '06:52:31', '17:56:54', 0, 0, 0.00, 'present', '2026-04-24 05:52:59', '2026-04-24 05:52:59'),
(1236, 239, '2026-04-20', '06:34:09', NULL, 0, 0, 37000.00, 'present', '2026-04-24 05:52:59', '2026-04-24 05:52:59'),
(1237, 240, '2026-04-15', '07:04:39', '16:13:12', 0, 0, 37000.00, 'present', '2026-04-24 05:52:59', '2026-04-24 05:52:59'),
(1238, 240, '2026-04-16', '07:19:12', '16:04:55', 0, 0, 37000.00, 'present', '2026-04-24 05:52:59', '2026-04-24 05:52:59'),
(1239, 240, '2026-04-17', '07:16:00', '16:04:17', 0, 0, 37000.00, 'present', '2026-04-24 05:52:59', '2026-04-24 05:52:59'),
(1240, 240, '2026-04-18', '07:27:58', '16:12:21', 0, 0, 0.00, 'present', '2026-04-24 05:52:59', '2026-04-24 05:52:59'),
(1241, 240, '2026-04-20', '07:05:05', NULL, 0, 0, 37000.00, 'present', '2026-04-24 05:52:59', '2026-04-24 05:52:59'),
(1242, 241, '2026-04-14', '06:56:11', '16:19:57', 0, 0, 37000.00, 'present', '2026-04-24 05:52:59', '2026-04-24 05:52:59'),
(1243, 241, '2026-04-15', '07:14:39', '16:21:12', 0, 0, 37000.00, 'present', '2026-04-24 05:52:59', '2026-04-24 05:52:59'),
(1244, 241, '2026-04-16', '06:45:35', '16:09:02', 0, 0, 37000.00, 'present', '2026-04-24 05:52:59', '2026-04-24 05:52:59'),
(1245, 241, '2026-04-17', '06:24:02', '17:02:56', 0, 0, 37000.00, 'present', '2026-04-24 05:52:59', '2026-04-24 05:52:59'),
(1246, 241, '2026-04-20', '06:54:09', NULL, 0, 0, 37000.00, 'present', '2026-04-24 05:52:59', '2026-04-24 05:52:59'),
(1247, 242, '2026-04-19', '13:09:43', '20:04:09', 0, 0, 0.00, 'present', '2026-04-24 05:52:59', '2026-04-24 05:52:59'),
(1248, 243, '2026-04-14', '12:53:38', '20:06:23', -324, 0, 35000.00, 'late', '2026-04-24 05:52:59', '2026-04-24 05:52:59'),
(1249, 243, '2026-04-15', '05:55:05', '19:52:25', 0, 0, 35000.00, 'picket', '2026-04-24 05:52:59', '2026-04-24 05:52:59'),
(1250, 243, '2026-04-16', '06:09:13', NULL, 0, 0, 35000.00, 'present', '2026-04-24 05:52:59', '2026-04-24 05:52:59'),
(1251, 243, '2026-04-18', '12:53:08', '20:12:46', -773, 0, 35000.00, 'late', '2026-04-24 05:52:59', '2026-04-24 05:52:59'),
(1252, 243, '2026-04-19', '05:55:14', '19:53:50', 0, 0, 0.00, 'present', '2026-04-24 05:52:59', '2026-04-24 05:52:59'),
(1253, 243, '2026-04-20', '06:12:26', NULL, 0, 0, 0.00, 'present', '2026-04-24 05:52:59', '2026-04-24 05:52:59'),
(1254, 244, '2026-04-14', '06:16:29', NULL, 0, 0, 0.00, 'present', '2026-04-24 05:52:59', '2026-04-24 05:52:59'),
(1255, 244, '2026-04-16', '12:44:16', '20:11:49', -314, 0, 35000.00, 'late', '2026-04-24 05:52:59', '2026-04-24 05:52:59'),
(1256, 244, '2026-04-17', '05:44:56', '19:45:54', 0, 0, 35000.00, 'picket', '2026-04-24 05:52:59', '2026-04-24 05:52:59'),
(1257, 244, '2026-04-18', '06:19:49', NULL, 0, 0, 0.00, 'present', '2026-04-24 05:52:59', '2026-04-24 05:52:59'),
(1258, 245, '2026-04-14', '07:16:35', '16:02:35', 0, 0, 37000.00, 'present', '2026-04-24 05:52:59', '2026-04-24 05:52:59'),
(1259, 245, '2026-04-15', '07:45:40', '20:36:16', -16, 0, 37000.00, 'late', '2026-04-24 05:52:59', '2026-04-24 05:52:59'),
(1260, 245, '2026-04-17', '07:29:16', '16:25:11', 0, 0, 37000.00, 'present', '2026-04-24 05:52:59', '2026-04-24 05:52:59'),
(1261, 245, '2026-04-20', '07:31:26', NULL, -1, 0, 37000.00, 'late', '2026-04-24 05:52:59', '2026-04-24 05:52:59'),
(1262, 246, '2026-04-14', '06:02:00', '19:43:19', 0, 0, 35000.00, 'picket', '2026-04-24 05:52:59', '2026-04-24 05:52:59'),
(1263, 246, '2026-04-15', '06:12:23', NULL, 0, 0, 0.00, 'present', '2026-04-24 05:52:59', '2026-04-24 05:52:59'),
(1264, 246, '2026-04-17', '09:23:52', '20:15:28', -564, 0, 35000.00, 'late', '2026-04-24 05:52:59', '2026-04-24 05:52:59'),
(1265, 246, '2026-04-18', '05:57:43', '19:40:31', 0, 0, 35000.00, 'picket', '2026-04-24 05:52:59', '2026-04-24 05:52:59'),
(1266, 246, '2026-04-19', '06:18:26', NULL, 0, 0, 0.00, 'present', '2026-04-24 05:52:59', '2026-04-24 05:52:59'),
(1267, 247, '2026-04-14', '07:05:53', '16:31:46', 0, 0, 37000.00, 'present', '2026-04-24 05:52:59', '2026-04-24 05:52:59'),
(1268, 247, '2026-04-15', '07:02:24', '18:28:45', 0, 0, 37000.00, 'present', '2026-04-24 05:52:59', '2026-04-24 05:52:59'),
(1269, 247, '2026-04-16', '07:20:01', '17:08:57', 0, 0, 37000.00, 'present', '2026-04-24 05:52:59', '2026-04-24 05:52:59'),
(1270, 247, '2026-04-17', '06:48:54', '17:59:01', 0, 0, 37000.00, 'present', '2026-04-24 05:52:59', '2026-04-24 05:52:59'),
(1271, 247, '2026-04-20', '07:16:42', NULL, 0, 0, 37000.00, 'present', '2026-04-24 05:52:59', '2026-04-24 05:52:59'),
(1272, 248, '2026-04-14', '07:21:43', '16:14:53', 0, 0, 37000.00, 'present', '2026-04-24 05:52:59', '2026-04-24 05:52:59'),
(1273, 248, '2026-04-15', '06:54:03', NULL, 0, 0, 37000.00, 'present', '2026-04-24 05:52:59', '2026-04-24 05:52:59'),
(1274, 248, '2026-04-16', '07:20:14', '16:00:54', 0, 0, 37000.00, 'present', '2026-04-24 05:52:59', '2026-04-24 05:52:59'),
(1275, 248, '2026-04-17', '07:22:00', '16:12:46', 0, 0, 37000.00, 'present', '2026-04-24 05:52:59', '2026-04-24 05:52:59'),
(1276, 248, '2026-04-20', '07:24:11', NULL, 0, 0, 37000.00, 'present', '2026-04-24 05:52:59', '2026-04-24 05:52:59'),
(1277, 249, '2026-04-14', '07:19:45', '16:54:13', 0, 0, 37000.00, 'present', '2026-04-24 05:52:59', '2026-04-24 05:52:59'),
(1278, 249, '2026-04-15', '06:38:29', '18:14:29', 0, 0, 37000.00, 'present', '2026-04-24 05:52:59', '2026-04-24 05:52:59'),
(1279, 249, '2026-04-16', '06:31:58', '16:43:10', 0, 0, 37000.00, 'present', '2026-04-24 05:52:59', '2026-04-24 05:52:59'),
(1280, 249, '2026-04-17', '06:34:00', '16:54:24', 0, 0, 37000.00, 'present', '2026-04-24 05:52:59', '2026-04-24 05:52:59'),
(1281, 249, '2026-04-20', '06:26:38', NULL, 0, 0, 37000.00, 'present', '2026-04-24 05:52:59', '2026-04-24 05:52:59'),
(1282, 250, '2026-04-15', '03:48:04', '16:37:04', 0, 0, 0.00, 'present', '2026-04-24 05:52:59', '2026-04-24 05:52:59'),
(1283, 250, '2026-04-17', '03:53:24', '16:08:00', 0, 0, 0.00, 'present', '2026-04-24 05:52:59', '2026-04-24 05:52:59'),
(1284, 250, '2026-04-19', '16:03:32', NULL, 0, 0, 0.00, 'present', '2026-04-24 05:52:59', '2026-04-24 05:52:59'),
(1285, 251, '2026-04-14', '06:20:42', NULL, 0, 0, 0.00, 'present', '2026-04-24 05:52:59', '2026-04-24 05:52:59'),
(1286, 251, '2026-04-16', '20:12:13', '20:59:38', -762, 0, 35000.00, 'late', '2026-04-24 05:52:59', '2026-04-24 05:52:59'),
(1287, 251, '2026-04-17', '06:24:47', '19:55:35', 0, 0, 35000.00, 'picket', '2026-04-24 05:52:59', '2026-04-24 05:52:59'),
(1288, 251, '2026-04-18', '06:15:29', NULL, 0, 0, 0.00, 'present', '2026-04-24 05:52:59', '2026-04-24 05:52:59'),
(1289, 252, '2026-04-14', '07:18:04', '17:13:15', 0, 0, 35000.00, 'present', '2026-04-24 05:52:59', '2026-04-24 05:52:59'),
(1290, 252, '2026-04-15', '07:49:12', '17:54:06', -19, 0, 35000.00, 'late', '2026-04-24 05:52:59', '2026-04-24 05:52:59'),
(1291, 252, '2026-04-16', '07:23:38', '17:17:21', 0, 0, 35000.00, 'present', '2026-04-24 05:52:59', '2026-04-24 05:52:59'),
(1292, 252, '2026-04-17', '07:25:58', '16:20:29', 0, 0, 35000.00, 'present', '2026-04-24 05:52:59', '2026-04-24 05:52:59'),
(1293, 252, '2026-04-18', '11:39:51', NULL, 0, 0, 0.00, 'present', '2026-04-24 05:52:59', '2026-04-24 05:52:59'),
(1294, 252, '2026-04-20', '07:27:07', NULL, 0, 0, 35000.00, 'present', '2026-04-24 05:52:59', '2026-04-24 05:52:59'),
(1295, 253, '2026-04-14', '06:16:21', NULL, 0, 0, 0.00, 'present', '2026-04-24 05:52:59', '2026-04-24 05:52:59'),
(1296, 253, '2026-04-16', '12:55:07', '20:07:05', -325, 0, 35000.00, 'late', '2026-04-24 05:52:59', '2026-04-24 05:52:59'),
(1297, 253, '2026-04-17', '05:58:14', '19:34:58', 0, 0, 35000.00, 'picket', '2026-04-24 05:52:59', '2026-04-24 05:52:59'),
(1298, 253, '2026-04-18', '06:09:57', NULL, 0, 0, 0.00, 'present', '2026-04-24 05:52:59', '2026-04-24 05:52:59'),
(1299, 254, '2026-04-14', '07:22:29', '22:37:00', 0, 0, 37000.00, 'present', '2026-04-24 05:52:59', '2026-04-24 05:52:59'),
(1300, 254, '2026-04-15', '07:37:58', NULL, -8, 0, 37000.00, 'late', '2026-04-24 05:52:59', '2026-04-24 05:52:59'),
(1301, 254, '2026-04-16', '07:33:05', '21:01:28', -3, 0, 37000.00, 'late', '2026-04-24 05:52:59', '2026-04-24 05:52:59'),
(1302, 254, '2026-04-17', '07:29:46', '16:51:50', 0, 0, 37000.00, 'present', '2026-04-24 05:52:59', '2026-04-24 05:52:59'),
(1303, 254, '2026-04-20', '08:32:30', NULL, -63, 0, 37000.00, 'late', '2026-04-24 05:52:59', '2026-04-24 05:52:59'),
(1304, 255, '2026-04-14', '07:26:58', '18:01:28', 0, 0, 35000.00, 'present', '2026-04-24 05:52:59', '2026-04-24 05:52:59'),
(1305, 255, '2026-04-15', '07:42:49', NULL, -13, 0, 35000.00, 'late', '2026-04-24 05:52:59', '2026-04-24 05:52:59'),
(1306, 255, '2026-04-16', '07:42:39', '18:23:20', -13, 0, 35000.00, 'late', '2026-04-24 05:52:59', '2026-04-24 05:52:59'),
(1307, 255, '2026-04-17', '07:19:23', '17:45:16', 0, 0, 35000.00, 'present', '2026-04-24 05:52:59', '2026-04-24 05:52:59'),
(1308, 255, '2026-04-20', '07:26:22', NULL, 0, 0, 35000.00, 'present', '2026-04-24 05:52:59', '2026-04-24 05:52:59'),
(1309, 256, '2026-04-14', '12:44:56', '20:06:17', -315, 0, 37000.00, 'late', '2026-04-24 05:52:59', '2026-04-24 05:52:59'),
(1310, 256, '2026-04-15', '05:57:20', '19:48:42', 0, 0, 37000.00, 'picket', '2026-04-24 05:52:59', '2026-04-24 05:52:59'),
(1311, 256, '2026-04-16', '06:18:22', NULL, 0, 0, 37000.00, 'present', '2026-04-24 05:52:59', '2026-04-24 05:52:59'),
(1312, 256, '2026-04-18', '12:46:34', '20:13:19', -767, 0, 37000.00, 'late', '2026-04-24 05:52:59', '2026-04-24 05:52:59'),
(1313, 256, '2026-04-19', '05:54:24', '19:44:56', 0, 0, 0.00, 'present', '2026-04-24 05:52:59', '2026-04-24 05:52:59'),
(1314, 256, '2026-04-20', '06:12:03', NULL, 0, 0, 0.00, 'present', '2026-04-24 05:52:59', '2026-04-24 05:52:59'),
(1315, 257, '2026-04-14', '06:58:07', NULL, 0, 0, 37000.00, 'present', '2026-04-24 05:52:59', '2026-04-24 05:52:59'),
(1316, 257, '2026-04-15', '07:00:53', '17:04:36', 0, 0, 37000.00, 'present', '2026-04-24 05:52:59', '2026-04-24 05:52:59'),
(1317, 257, '2026-04-16', '10:36:28', '16:53:06', -186, 0, 37000.00, 'late', '2026-04-24 05:52:59', '2026-04-24 05:52:59'),
(1318, 257, '2026-04-17', '06:34:37', NULL, 0, 0, 37000.00, 'present', '2026-04-24 05:52:59', '2026-04-24 05:52:59'),
(1319, 258, '2026-04-14', '12:41:47', '20:02:13', -312, 0, 35000.00, 'late', '2026-04-24 05:52:59', '2026-04-24 05:52:59'),
(1320, 258, '2026-04-15', '05:41:38', '19:52:32', 0, 0, 35000.00, 'picket', '2026-04-24 05:52:59', '2026-04-24 05:52:59'),
(1321, 258, '2026-04-16', '06:13:48', NULL, 0, 0, 35000.00, 'present', '2026-04-24 05:52:59', '2026-04-24 05:52:59'),
(1322, 258, '2026-04-18', '12:47:18', '20:10:10', -767, 0, 35000.00, 'late', '2026-04-24 05:52:59', '2026-04-24 05:52:59'),
(1323, 258, '2026-04-19', '05:55:56', '19:48:00', 0, 0, 0.00, 'present', '2026-04-24 05:52:59', '2026-04-24 05:52:59'),
(1324, 258, '2026-04-20', '06:10:23', NULL, 0, 0, 0.00, 'present', '2026-04-24 05:52:59', '2026-04-24 05:52:59'),
(1325, 259, '2026-04-14', '07:03:15', NULL, 0, 0, 37000.00, 'present', '2026-04-24 05:52:59', '2026-04-24 05:52:59'),
(1326, 259, '2026-04-15', '07:39:32', NULL, -10, 0, 37000.00, 'late', '2026-04-24 05:52:59', '2026-04-24 05:52:59'),
(1327, 259, '2026-04-16', '08:17:21', '21:08:32', -47, 0, 37000.00, 'late', '2026-04-24 05:52:59', '2026-04-24 05:52:59'),
(1328, 259, '2026-04-17', '07:31:52', '17:28:41', -2, 0, 37000.00, 'late', '2026-04-24 05:52:59', '2026-04-24 05:52:59'),
(1329, 259, '2026-04-19', '19:53:44', NULL, 0, 0, 0.00, 'present', '2026-04-24 05:52:59', '2026-04-24 05:52:59'),
(1330, 259, '2026-04-20', '06:07:00', NULL, 0, 0, 37000.00, 'present', '2026-04-24 05:52:59', '2026-04-24 05:52:59'),
(1331, 260, '2026-04-15', '12:29:54', '21:10:50', 0, 0, 0.00, 'present', '2026-04-24 05:52:59', '2026-04-24 05:52:59'),
(1332, 260, '2026-04-16', '05:46:39', '19:40:14', 0, 0, 35000.00, 'present', '2026-04-24 05:52:59', '2026-04-24 05:52:59'),
(1333, 260, '2026-04-17', '06:12:15', NULL, 0, 0, 35000.00, 'present', '2026-04-24 05:52:59', '2026-04-24 05:52:59'),
(1334, 260, '2026-04-19', '13:05:56', '20:36:14', 0, 0, 0.00, 'present', '2026-04-24 05:52:59', '2026-04-24 05:52:59'),
(1335, 261, '2026-04-15', '07:34:19', '16:50:45', -4, 0, 35000.00, 'late', '2026-04-24 05:52:59', '2026-04-24 05:52:59'),
(1336, 261, '2026-04-16', '07:34:55', '16:07:53', -5, 0, 35000.00, 'late', '2026-04-24 05:52:59', '2026-04-24 05:52:59'),
(1337, 261, '2026-04-17', '07:27:48', '17:19:45', 0, 0, 35000.00, 'present', '2026-04-24 05:52:59', '2026-04-24 05:52:59'),
(1338, 261, '2026-04-20', '07:29:17', NULL, 0, 0, 35000.00, 'present', '2026-04-24 05:52:59', '2026-04-24 05:52:59'),
(1339, 262, '2026-04-15', '06:00:31', '06:06:47', -361, 0, 35000.00, 'late', '2026-04-24 05:52:59', '2026-04-24 05:52:59'),
(1340, 262, '2026-04-17', '07:24:35', '20:07:06', 0, 0, 0.00, 'present', '2026-04-24 05:52:59', '2026-04-24 05:52:59'),
(1341, 262, '2026-04-19', '06:08:32', NULL, -369, 0, 35000.00, 'late', '2026-04-24 05:52:59', '2026-04-24 05:52:59'),
(1342, 263, '2026-04-14', '07:06:07', '20:01:39', 0, 0, 37000.00, 'present', '2026-04-24 05:52:59', '2026-04-24 05:52:59'),
(1343, 263, '2026-04-15', '06:00:41', NULL, 0, 0, 37000.00, 'present', '2026-04-24 05:52:59', '2026-04-24 05:52:59'),
(1344, 263, '2026-04-16', '07:11:36', '19:43:01', 0, 0, 37000.00, 'present', '2026-04-24 05:52:59', '2026-04-24 05:52:59'),
(1345, 263, '2026-04-17', '07:11:55', NULL, 0, 0, 37000.00, 'present', '2026-04-24 05:52:59', '2026-04-24 05:52:59'),
(1346, 263, '2026-04-19', '07:51:54', '18:05:26', 0, 0, 0.00, 'present', '2026-04-24 05:52:59', '2026-04-24 05:52:59'),
(1347, 263, '2026-04-20', '06:01:27', NULL, 0, 0, 37000.00, 'present', '2026-04-24 05:52:59', '2026-04-24 05:52:59'),
(1348, 264, '2026-04-14', '07:25:32', '19:57:00', 0, 0, 35000.00, 'present', '2026-04-24 05:52:59', '2026-04-24 05:52:59'),
(1349, 264, '2026-04-15', '11:34:29', '19:43:56', -244, 0, 35000.00, 'late', '2026-04-24 05:52:59', '2026-04-24 05:52:59'),
(1350, 264, '2026-04-16', '07:52:48', NULL, -23, 0, 35000.00, 'late', '2026-04-24 05:52:59', '2026-04-24 05:52:59'),
(1351, 264, '2026-04-17', '04:30:44', NULL, 0, 0, 0.00, 'present', '2026-04-24 05:52:59', '2026-04-24 05:52:59'),
(1352, 264, '2026-04-20', '07:29:35', NULL, 0, 0, 35000.00, 'present', '2026-04-24 05:52:59', '2026-04-24 05:52:59'),
(1353, 265, '2026-04-14', '07:08:13', '16:54:18', 0, 0, 35000.00, 'present', '2026-04-24 05:52:59', '2026-04-24 05:52:59'),
(1354, 265, '2026-04-15', '07:21:00', '17:52:04', 0, 0, 35000.00, 'present', '2026-04-24 05:52:59', '2026-04-24 05:52:59'),
(1355, 265, '2026-04-16', '07:12:31', '17:48:29', 0, 0, 35000.00, 'present', '2026-04-24 05:52:59', '2026-04-24 05:52:59'),
(1356, 265, '2026-04-17', '06:56:01', '16:58:31', 0, 0, 35000.00, 'present', '2026-04-24 05:52:59', '2026-04-24 05:52:59'),
(1357, 265, '2026-04-19', '06:51:24', '17:24:03', 0, 0, 0.00, 'present', '2026-04-24 05:52:59', '2026-04-24 05:52:59'),
(1358, 265, '2026-04-20', '07:05:31', NULL, 0, 0, 35000.00, 'present', '2026-04-24 05:52:59', '2026-04-24 05:52:59'),
(1359, 266, '2026-04-14', '04:03:20', '16:44:49', 0, 0, 0.00, 'present', '2026-04-24 05:52:59', '2026-04-24 05:52:59'),
(1360, 266, '2026-04-16', '04:02:12', '16:36:51', 0, 0, 0.00, 'present', '2026-04-24 05:52:59', '2026-04-24 05:52:59'),
(1361, 266, '2026-04-18', '04:00:44', '16:35:39', 0, 0, 0.00, 'present', '2026-04-24 05:52:59', '2026-04-24 05:52:59'),
(1362, 266, '2026-04-20', '04:02:46', NULL, 0, 0, 0.00, 'present', '2026-04-24 05:52:59', '2026-04-24 05:52:59'),
(1363, 267, '2026-04-15', '06:03:18', '06:06:36', -363, 0, 35000.00, 'late', '2026-04-24 05:52:59', '2026-04-24 05:52:59'),
(1364, 267, '2026-04-17', '07:14:16', '20:21:39', 0, 0, 0.00, 'present', '2026-04-24 05:52:59', '2026-04-24 05:52:59'),
(1365, 267, '2026-04-18', '06:00:48', '19:51:38', 0, 0, 0.00, 'present', '2026-04-24 05:52:59', '2026-04-24 05:52:59'),
(1366, 267, '2026-04-19', '06:16:53', NULL, 0, 0, 0.00, 'present', '2026-04-24 05:52:59', '2026-04-24 05:52:59'),
(1367, 268, '2026-04-18', '12:48:54', '20:03:38', -769, 0, 35000.00, 'late', '2026-04-24 05:52:59', '2026-04-24 05:52:59'),
(1368, 268, '2026-04-19', '05:56:54', '19:56:12', 0, 0, 35000.00, 'picket', '2026-04-24 05:52:59', '2026-04-24 05:52:59'),
(1369, 268, '2026-04-20', '06:04:51', NULL, 0, 0, 0.00, 'present', '2026-04-24 05:52:59', '2026-04-24 05:52:59'),
(1370, 269, '2026-04-14', '07:14:52', '16:26:56', 0, 0, 37000.00, 'present', '2026-04-24 05:52:59', '2026-04-24 05:52:59'),
(1371, 269, '2026-04-15', '07:09:57', '18:28:49', 0, 0, 37000.00, 'present', '2026-04-24 05:52:59', '2026-04-24 05:52:59'),
(1372, 269, '2026-04-16', '07:10:54', '16:35:41', 0, 0, 37000.00, 'present', '2026-04-24 05:52:59', '2026-04-24 05:52:59'),
(1373, 269, '2026-04-17', '07:11:47', '17:57:58', 0, 0, 37000.00, 'present', '2026-04-24 05:52:59', '2026-04-24 05:52:59'),
(1374, 269, '2026-04-18', '07:52:14', '16:13:23', 0, 0, 0.00, 'present', '2026-04-24 05:52:59', '2026-04-24 05:52:59'),
(1375, 269, '2026-04-20', '07:11:55', NULL, 0, 0, 37000.00, 'present', '2026-04-24 05:52:59', '2026-04-24 05:52:59'),
(1376, 270, '2026-04-14', '07:22:25', '16:27:20', 0, 0, 37000.00, 'present', '2026-04-24 05:52:59', '2026-04-24 05:52:59'),
(1377, 270, '2026-04-15', '07:27:19', '17:17:58', 0, 0, 37000.00, 'present', '2026-04-24 05:52:59', '2026-04-24 05:52:59'),
(1378, 270, '2026-04-16', '07:27:44', '16:19:02', 0, 0, 37000.00, 'present', '2026-04-24 05:52:59', '2026-04-24 05:52:59'),
(1379, 270, '2026-04-17', '07:29:35', '16:30:41', 0, 0, 37000.00, 'present', '2026-04-24 05:52:59', '2026-04-24 05:52:59'),
(1380, 270, '2026-04-20', '07:22:40', NULL, 0, 0, 37000.00, 'present', '2026-04-24 05:52:59', '2026-04-24 05:52:59'),
(1381, 271, '2026-04-15', '13:00:20', NULL, 0, 0, 37000.00, 'picket', '2026-04-24 05:52:59', '2026-04-24 05:52:59'),
(1382, 271, '2026-04-16', '06:04:39', '19:57:18', 0, 0, 37000.00, 'present', '2026-04-24 05:52:59', '2026-04-24 05:52:59'),
(1383, 271, '2026-04-17', '06:20:38', '08:03:58', 0, 0, 37000.00, 'present', '2026-04-24 05:52:59', '2026-04-24 05:52:59'),
(1384, 271, '2026-04-19', '12:55:11', '20:05:52', 0, 0, 0.00, 'present', '2026-04-24 05:52:59', '2026-04-24 05:52:59'),
(1385, 272, '2026-04-14', '07:05:27', '20:06:29', 0, 0, 35000.00, 'present', '2026-04-24 05:52:59', '2026-04-24 05:52:59'),
(1386, 272, '2026-04-15', '05:54:15', '20:07:18', 0, 0, 35000.00, 'present', '2026-04-24 05:52:59', '2026-04-24 05:52:59'),
(1387, 272, '2026-04-16', '19:34:01', NULL, -724, 0, 35000.00, 'late', '2026-04-24 05:52:59', '2026-04-24 05:52:59'),
(1388, 272, '2026-04-17', '06:22:38', NULL, 0, 0, 35000.00, 'present', '2026-04-24 05:52:59', '2026-04-24 05:52:59'),
(1389, 272, '2026-04-18', '07:06:49', '20:09:42', 0, 0, 0.00, 'present', '2026-04-24 05:52:59', '2026-04-24 05:52:59');
INSERT INTO `attendances` (`id`, `employee_id`, `date`, `check_in`, `check_out`, `late_minutes`, `early_minutes`, `allowance_amount`, `status`, `created_at`, `updated_at`) VALUES
(1390, 272, '2026-04-19', '05:59:59', '17:47:05', 0, 0, 0.00, 'present', '2026-04-24 05:52:59', '2026-04-24 05:52:59'),
(1391, 273, '2026-04-14', '07:09:07', '19:56:53', 0, 0, 37000.00, 'present', '2026-04-24 05:52:59', '2026-04-24 05:52:59'),
(1392, 273, '2026-04-15', '06:08:41', NULL, 0, 0, 37000.00, 'present', '2026-04-24 05:52:59', '2026-04-24 05:52:59'),
(1393, 273, '2026-04-16', '07:18:18', '16:02:07', 0, 0, 37000.00, 'present', '2026-04-24 05:52:59', '2026-04-24 05:52:59'),
(1394, 273, '2026-04-17', '07:17:20', '16:38:01', 0, 0, 37000.00, 'present', '2026-04-24 05:52:59', '2026-04-24 05:52:59'),
(1395, 273, '2026-04-20', '06:55:15', NULL, 0, 0, 37000.00, 'present', '2026-04-24 05:52:59', '2026-04-24 05:52:59'),
(1396, 274, '2026-04-20', '07:23:16', NULL, 0, 0, 35000.00, 'present', '2026-04-24 05:52:59', '2026-04-24 05:52:59'),
(1397, 275, '2026-04-15', '13:04:16', '20:00:04', 0, 0, 35000.00, 'picket', '2026-04-24 05:52:59', '2026-04-24 05:52:59'),
(1398, 275, '2026-04-17', '06:16:06', NULL, -376, 0, 35000.00, 'late', '2026-04-24 05:52:59', '2026-04-24 05:52:59'),
(1399, 275, '2026-04-19', '12:58:54', '20:00:31', 0, 0, 0.00, 'present', '2026-04-24 05:52:59', '2026-04-24 05:52:59'),
(1400, 277, '2026-04-14', '06:07:10', NULL, 0, 0, 35000.00, 'present', '2026-04-24 05:52:59', '2026-04-24 05:52:59'),
(1401, 277, '2026-04-15', '07:20:42', '20:16:51', 0, 0, 35000.00, 'present', '2026-04-24 05:52:59', '2026-04-24 05:52:59'),
(1402, 277, '2026-04-16', '05:51:29', '17:36:33', 0, 0, 35000.00, 'present', '2026-04-24 05:52:59', '2026-04-24 05:52:59'),
(1403, 277, '2026-04-17', '19:31:07', NULL, -721, 0, 35000.00, 'late', '2026-04-24 05:52:59', '2026-04-24 05:52:59'),
(1404, 277, '2026-04-18', '06:39:07', '07:14:46', 0, 0, 0.00, 'present', '2026-04-24 05:52:59', '2026-04-24 05:52:59'),
(1405, 277, '2026-04-19', '07:27:33', '20:14:51', 0, 0, 0.00, 'present', '2026-04-24 05:52:59', '2026-04-24 05:52:59'),
(1406, 277, '2026-04-20', '05:46:55', NULL, 0, 0, 35000.00, 'present', '2026-04-24 05:52:59', '2026-04-24 05:52:59'),
(1407, 278, '2026-04-14', '07:14:43', '16:45:18', 0, 0, 37000.00, 'present', '2026-04-24 05:52:59', '2026-04-24 05:52:59'),
(1408, 278, '2026-04-15', '07:08:16', '17:04:42', 0, 0, 37000.00, 'present', '2026-04-24 05:52:59', '2026-04-24 05:52:59'),
(1409, 278, '2026-04-16', '07:08:57', '17:17:56', 0, 0, 37000.00, 'present', '2026-04-24 05:52:59', '2026-04-24 05:52:59'),
(1410, 278, '2026-04-17', '07:08:57', '16:12:55', 0, 0, 37000.00, 'present', '2026-04-24 05:52:59', '2026-04-24 05:52:59'),
(1411, 278, '2026-04-20', '07:05:41', NULL, 0, 0, 37000.00, 'present', '2026-04-24 05:52:59', '2026-04-24 05:52:59'),
(1412, 279, '2026-04-14', '07:10:02', '20:06:32', 0, 0, 35000.00, 'present', '2026-04-24 05:52:59', '2026-04-24 05:52:59'),
(1413, 279, '2026-04-15', '05:41:41', '17:54:48', 0, 0, 35000.00, 'present', '2026-04-24 05:52:59', '2026-04-24 05:52:59'),
(1414, 279, '2026-04-16', '19:34:06', NULL, -724, 0, 35000.00, 'late', '2026-04-24 05:52:59', '2026-04-24 05:52:59'),
(1415, 279, '2026-04-17', '06:22:49', NULL, 0, 0, 35000.00, 'present', '2026-04-24 05:52:59', '2026-04-24 05:52:59'),
(1416, 279, '2026-04-18', '07:12:31', '20:09:46', 0, 0, 0.00, 'present', '2026-04-24 05:52:59', '2026-04-24 05:52:59'),
(1417, 279, '2026-04-19', '05:43:30', '17:49:43', 0, 0, 0.00, 'present', '2026-04-24 05:52:59', '2026-04-24 05:52:59'),
(1418, 280, '2026-04-14', '07:26:32', '16:16:27', 0, 0, 35000.00, 'present', '2026-04-24 05:52:59', '2026-04-24 05:52:59'),
(1419, 280, '2026-04-15', '07:24:14', '17:31:01', 0, 0, 35000.00, 'present', '2026-04-24 05:52:59', '2026-04-24 05:52:59'),
(1420, 280, '2026-04-16', '07:05:44', '16:50:23', 0, 0, 35000.00, 'present', '2026-04-24 05:52:59', '2026-04-24 05:52:59'),
(1421, 280, '2026-04-17', '07:13:03', '16:32:06', 0, 0, 35000.00, 'present', '2026-04-24 05:52:59', '2026-04-24 05:52:59'),
(1422, 280, '2026-04-20', '06:56:40', NULL, 0, 0, 35000.00, 'present', '2026-04-24 05:52:59', '2026-04-24 05:52:59'),
(1423, 281, '2026-04-14', '07:29:40', '18:03:09', 0, 0, 37000.00, 'present', '2026-04-24 05:52:59', '2026-04-24 05:52:59'),
(1424, 281, '2026-04-15', '07:23:21', '17:28:53', 0, 0, 37000.00, 'present', '2026-04-24 05:52:59', '2026-04-24 05:52:59'),
(1425, 281, '2026-04-16', '07:31:14', '20:50:54', -1, 0, 37000.00, 'late', '2026-04-24 05:52:59', '2026-04-24 05:52:59'),
(1426, 281, '2026-04-17', '06:25:34', NULL, 0, 0, 37000.00, 'present', '2026-04-24 05:52:59', '2026-04-24 05:52:59'),
(1427, 281, '2026-04-20', '07:11:31', NULL, 0, 0, 37000.00, 'present', '2026-04-24 05:52:59', '2026-04-24 05:52:59'),
(1428, 282, '2026-04-15', '06:00:27', '07:46:55', -360, 0, 35000.00, 'late', '2026-04-24 05:52:59', '2026-04-24 05:52:59'),
(1429, 282, '2026-04-17', '07:09:34', '20:04:23', 0, 0, 0.00, 'present', '2026-04-24 05:52:59', '2026-04-24 05:52:59'),
(1430, 282, '2026-04-19', '06:04:10', NULL, -364, 0, 35000.00, 'late', '2026-04-24 05:52:59', '2026-04-24 05:52:59'),
(1431, 283, '2026-04-15', '06:04:29', NULL, -364, 0, 35000.00, 'late', '2026-04-24 05:52:59', '2026-04-24 05:52:59'),
(1432, 283, '2026-04-17', '10:28:21', '20:07:00', 0, 0, 0.00, 'present', '2026-04-24 05:52:59', '2026-04-24 05:52:59'),
(1433, 283, '2026-04-18', '05:59:26', '19:55:26', 0, 0, 0.00, 'present', '2026-04-24 05:52:59', '2026-04-24 05:52:59'),
(1434, 283, '2026-04-19', '06:04:35', NULL, 0, 0, 0.00, 'present', '2026-04-24 05:52:59', '2026-04-24 05:52:59'),
(1435, 284, '2026-04-14', '06:01:38', NULL, 0, 0, 0.00, 'present', '2026-04-24 05:52:59', '2026-04-24 05:52:59'),
(1436, 285, '2026-04-15', '06:05:27', NULL, -365, 0, 35000.00, 'late', '2026-04-24 05:52:59', '2026-04-24 05:52:59'),
(1437, 285, '2026-04-17', '13:02:16', '20:04:28', 0, 0, 35000.00, 'picket', '2026-04-24 05:52:59', '2026-04-24 05:52:59'),
(1438, 285, '2026-04-19', '06:03:55', NULL, -364, 0, 35000.00, 'late', '2026-04-24 05:52:59', '2026-04-24 05:52:59'),
(1439, 286, '2026-04-14', '12:39:29', '20:07:41', -309, 0, 35000.00, 'late', '2026-04-24 05:52:59', '2026-04-24 05:52:59'),
(1440, 286, '2026-04-15', '05:40:43', '19:38:42', 0, 0, 35000.00, 'picket', '2026-04-24 05:52:59', '2026-04-24 05:52:59'),
(1441, 286, '2026-04-18', '12:38:28', '20:15:54', -758, 0, 35000.00, 'late', '2026-04-24 05:52:59', '2026-04-24 05:52:59'),
(1442, 286, '2026-04-19', '05:41:04', '19:32:28', 0, 0, 0.00, 'present', '2026-04-24 05:52:59', '2026-04-24 05:52:59'),
(1443, 286, '2026-04-20', '06:06:09', NULL, 0, 0, 0.00, 'present', '2026-04-24 05:52:59', '2026-04-24 05:52:59'),
(1444, 287, '2026-04-14', '07:33:39', '16:11:54', -4, 0, 37000.00, 'late', '2026-04-24 05:52:59', '2026-04-24 05:52:59'),
(1445, 287, '2026-04-15', '07:44:35', '16:21:25', -15, 0, 37000.00, 'late', '2026-04-24 05:52:59', '2026-04-24 05:52:59'),
(1446, 287, '2026-04-16', '07:32:13', '16:06:24', -2, 0, 37000.00, 'late', '2026-04-24 05:52:59', '2026-04-24 05:52:59'),
(1447, 287, '2026-04-17', '07:34:01', '16:13:59', -4, 0, 37000.00, 'late', '2026-04-24 05:52:59', '2026-04-24 05:52:59'),
(1448, 287, '2026-04-20', '07:36:57', NULL, -7, 0, 37000.00, 'late', '2026-04-24 05:52:59', '2026-04-24 05:52:59'),
(1449, 288, '2026-04-14', '07:32:03', '17:21:34', -2, 0, 37000.00, 'late', '2026-04-24 05:52:59', '2026-04-24 05:52:59'),
(1450, 288, '2026-04-15', '07:46:00', '17:47:44', -16, 0, 37000.00, 'late', '2026-04-24 05:52:59', '2026-04-24 05:52:59'),
(1451, 288, '2026-04-16', '07:33:47', '18:26:38', -4, 0, 37000.00, 'late', '2026-04-24 05:52:59', '2026-04-24 05:52:59'),
(1452, 288, '2026-04-17', '07:18:55', NULL, 0, 0, 37000.00, 'present', '2026-04-24 05:52:59', '2026-04-24 05:52:59'),
(1453, 288, '2026-04-20', '07:31:18', NULL, -1, 0, 37000.00, 'late', '2026-04-24 05:52:59', '2026-04-24 05:52:59'),
(1454, 289, '2026-04-14', '07:41:39', '23:27:08', -12, 0, 37000.00, 'late', '2026-04-24 05:52:59', '2026-04-24 05:52:59'),
(1455, 289, '2026-04-15', '03:39:40', '22:19:08', 0, 0, 0.00, 'present', '2026-04-24 05:52:59', '2026-04-24 05:52:59'),
(1456, 289, '2026-04-16', '07:48:41', '21:19:18', -19, 0, 37000.00, 'late', '2026-04-24 05:52:59', '2026-04-24 05:52:59'),
(1457, 289, '2026-04-17', '04:30:35', '21:45:15', 0, 0, 0.00, 'present', '2026-04-24 05:52:59', '2026-04-24 05:52:59'),
(1458, 289, '2026-04-20', '00:35:51', '07:26:26', 0, 0, 0.00, 'present', '2026-04-24 05:52:59', '2026-04-24 05:52:59'),
(1459, 290, '2026-04-14', '07:36:12', '16:02:29', -6, 0, 37000.00, 'late', '2026-04-24 05:52:59', '2026-04-24 05:52:59'),
(1460, 290, '2026-04-15', '07:35:07', '16:14:38', -5, 0, 37000.00, 'late', '2026-04-24 05:52:59', '2026-04-24 05:52:59'),
(1461, 290, '2026-04-16', '07:59:55', '16:17:24', -30, 0, 37000.00, 'late', '2026-04-24 05:52:59', '2026-04-24 05:52:59'),
(1462, 290, '2026-04-17', '07:29:28', NULL, 0, 0, 37000.00, 'present', '2026-04-24 05:52:59', '2026-04-24 05:52:59'),
(1463, 290, '2026-04-20', '07:42:41', NULL, -13, 0, 37000.00, 'late', '2026-04-24 05:52:59', '2026-04-24 05:52:59'),
(1464, 291, '2026-04-14', '06:14:48', NULL, 0, 0, 0.00, 'present', '2026-04-24 05:52:59', '2026-04-24 05:52:59'),
(1465, 291, '2026-04-16', '12:51:20', '20:05:12', -321, 0, 35000.00, 'late', '2026-04-24 05:52:59', '2026-04-24 05:52:59'),
(1466, 291, '2026-04-17', '05:48:28', NULL, 0, 0, 35000.00, 'picket', '2026-04-24 05:52:59', '2026-04-24 05:52:59'),
(1467, 291, '2026-04-18', '06:09:37', NULL, 0, 0, 0.00, 'present', '2026-04-24 05:52:59', '2026-04-24 05:52:59'),
(1468, 292, '2026-04-14', '05:31:22', '17:13:02', 0, 0, 35000.00, 'present', '2026-04-24 05:52:59', '2026-04-24 05:52:59'),
(1469, 292, '2026-04-15', '19:28:24', NULL, -718, 0, 35000.00, 'late', '2026-04-24 05:52:59', '2026-04-24 05:52:59'),
(1470, 292, '2026-04-16', '06:03:10', NULL, 0, 0, 35000.00, 'present', '2026-04-24 05:52:59', '2026-04-24 05:52:59'),
(1471, 292, '2026-04-17', '07:13:11', '20:15:19', 0, 0, 35000.00, 'present', '2026-04-24 05:52:59', '2026-04-24 05:52:59'),
(1472, 292, '2026-04-18', '05:28:54', '17:27:57', 0, 0, 0.00, 'present', '2026-04-24 05:52:59', '2026-04-24 05:52:59'),
(1473, 292, '2026-04-19', '19:32:39', NULL, 0, 0, 0.00, 'present', '2026-04-24 05:52:59', '2026-04-24 05:52:59'),
(1474, 293, '2026-04-14', '06:01:16', NULL, 0, 0, 0.00, 'present', '2026-04-24 05:52:59', '2026-04-24 05:52:59'),
(1475, 293, '2026-04-16', '12:49:07', '20:11:34', -319, 0, 35000.00, 'late', '2026-04-24 05:52:59', '2026-04-24 05:52:59'),
(1476, 293, '2026-04-17', '05:56:30', '19:53:03', 0, 0, 35000.00, 'picket', '2026-04-24 05:52:59', '2026-04-24 05:52:59'),
(1477, 293, '2026-04-18', '06:08:23', NULL, 0, 0, 0.00, 'present', '2026-04-24 05:52:59', '2026-04-24 05:52:59'),
(1478, 294, '2026-04-15', '12:45:39', '20:03:15', 0, 0, 0.00, 'present', '2026-04-24 05:52:59', '2026-04-24 05:52:59'),
(1479, 294, '2026-04-16', '05:48:53', '19:51:59', 0, 0, 35000.00, 'present', '2026-04-24 05:52:59', '2026-04-24 05:52:59'),
(1480, 294, '2026-04-17', '06:21:16', NULL, 0, 0, 35000.00, 'present', '2026-04-24 05:52:59', '2026-04-24 05:52:59'),
(1481, 294, '2026-04-19', '12:50:22', '20:01:43', 0, 0, 0.00, 'present', '2026-04-24 05:52:59', '2026-04-24 05:52:59'),
(1482, 295, '2026-04-14', '07:26:12', '16:52:45', 0, 0, 37000.00, 'present', '2026-04-24 05:52:59', '2026-04-24 05:52:59'),
(1483, 295, '2026-04-15', '07:30:48', '18:34:08', 0, 0, 37000.00, 'present', '2026-04-24 05:52:59', '2026-04-24 05:52:59'),
(1484, 295, '2026-04-16', '07:29:29', '16:43:18', 0, 0, 37000.00, 'present', '2026-04-24 05:52:59', '2026-04-24 05:52:59'),
(1485, 295, '2026-04-17', '06:50:54', NULL, 0, 0, 37000.00, 'present', '2026-04-24 05:52:59', '2026-04-24 05:52:59'),
(1486, 295, '2026-04-20', '07:31:14', NULL, -1, 0, 37000.00, 'late', '2026-04-24 05:52:59', '2026-04-24 05:52:59'),
(1487, 296, '2026-04-14', '06:13:56', NULL, 0, 0, 0.00, 'present', '2026-04-24 05:52:59', '2026-04-24 05:52:59'),
(1488, 296, '2026-04-16', '12:43:28', '20:16:39', -313, 0, 35000.00, 'late', '2026-04-24 05:52:59', '2026-04-24 05:52:59'),
(1489, 296, '2026-04-17', '06:00:53', '20:08:20', 0, 0, 35000.00, 'picket', '2026-04-24 05:52:59', '2026-04-24 05:52:59'),
(1490, 296, '2026-04-18', '06:09:32', NULL, 0, 0, 0.00, 'present', '2026-04-24 05:52:59', '2026-04-24 05:52:59'),
(1491, 297, '2026-04-15', '12:56:08', '20:10:10', 0, 0, 0.00, 'present', '2026-04-24 05:52:59', '2026-04-24 05:52:59'),
(1492, 297, '2026-04-16', '05:44:50', '19:57:22', 0, 0, 35000.00, 'present', '2026-04-24 05:52:59', '2026-04-24 05:52:59'),
(1493, 297, '2026-04-17', '06:20:30', NULL, 0, 0, 35000.00, 'present', '2026-04-24 05:52:59', '2026-04-24 05:52:59'),
(1494, 297, '2026-04-19', '12:55:04', '20:11:08', 0, 0, 0.00, 'present', '2026-04-24 05:52:59', '2026-04-24 05:52:59'),
(1495, 298, '2026-04-14', '07:56:51', '17:55:48', -27, 0, 37000.00, 'late', '2026-04-24 05:52:59', '2026-04-24 05:52:59'),
(1496, 298, '2026-04-15', '07:28:13', '20:17:04', 0, 0, 37000.00, 'present', '2026-04-24 05:52:59', '2026-04-24 05:52:59'),
(1497, 298, '2026-04-16', '09:52:55', NULL, -143, 0, 37000.00, 'late', '2026-04-24 05:52:59', '2026-04-24 05:52:59'),
(1498, 298, '2026-04-18', '17:10:15', NULL, 0, 0, 0.00, 'present', '2026-04-24 05:52:59', '2026-04-24 05:52:59'),
(1499, 298, '2026-04-20', '07:40:32', '07:43:58', -11, 0, 37000.00, 'late', '2026-04-24 05:52:59', '2026-04-24 05:52:59'),
(1500, 299, '2026-04-14', '06:07:06', NULL, 0, 0, 0.00, 'present', '2026-04-24 05:52:59', '2026-04-24 05:52:59'),
(1501, 299, '2026-04-16', '12:09:45', '20:08:02', -280, 0, 35000.00, 'late', '2026-04-24 05:52:59', '2026-04-24 05:52:59'),
(1502, 299, '2026-04-17', '06:02:43', '20:01:35', 0, 0, 35000.00, 'picket', '2026-04-24 05:52:59', '2026-04-24 05:52:59'),
(1503, 299, '2026-04-18', '06:09:03', NULL, 0, 0, 0.00, 'present', '2026-04-24 05:52:59', '2026-04-24 05:52:59'),
(1504, 300, '2026-04-14', '07:23:04', '16:24:22', 0, 0, 41000.00, 'present', '2026-04-24 05:52:59', '2026-04-24 05:52:59'),
(1505, 300, '2026-04-16', '07:21:41', NULL, 0, 0, 41000.00, 'present', '2026-04-24 05:52:59', '2026-04-24 05:52:59'),
(1506, 300, '2026-04-19', '08:05:00', NULL, 0, 0, 0.00, 'present', '2026-04-24 05:52:59', '2026-04-24 05:52:59'),
(1507, 300, '2026-04-20', '06:58:23', NULL, 0, 0, 41000.00, 'present', '2026-04-24 05:52:59', '2026-04-24 05:52:59'),
(1508, 301, '2026-04-14', '12:54:11', '20:01:56', -324, 0, 35000.00, 'late', '2026-04-24 05:52:59', '2026-04-24 05:52:59'),
(1509, 301, '2026-04-15', '06:07:39', '19:48:47', 0, 0, 35000.00, 'picket', '2026-04-24 05:52:59', '2026-04-24 05:52:59'),
(1510, 301, '2026-04-16', '06:18:18', NULL, 0, 0, 35000.00, 'present', '2026-04-24 05:52:59', '2026-04-24 05:52:59'),
(1511, 301, '2026-04-18', '12:55:08', '20:04:07', -775, 0, 35000.00, 'late', '2026-04-24 05:52:59', '2026-04-24 05:52:59'),
(1512, 301, '2026-04-19', '05:57:22', '19:52:34', 0, 0, 0.00, 'present', '2026-04-24 05:52:59', '2026-04-24 05:52:59'),
(1513, 301, '2026-04-20', '06:17:26', NULL, 0, 0, 0.00, 'present', '2026-04-24 05:52:59', '2026-04-24 05:52:59'),
(1514, 302, '2026-04-14', '19:45:43', NULL, -736, 0, 35000.00, 'late', '2026-04-24 05:52:59', '2026-04-24 05:52:59'),
(1515, 302, '2026-04-15', '06:07:02', NULL, 0, 0, 35000.00, 'present', '2026-04-24 05:52:59', '2026-04-24 05:52:59'),
(1516, 302, '2026-04-16', '07:17:22', '20:05:06', 0, 0, 35000.00, 'present', '2026-04-24 05:52:59', '2026-04-24 05:52:59'),
(1517, 302, '2026-04-17', '05:46:00', '16:58:54', 0, 0, 35000.00, 'present', '2026-04-24 05:52:59', '2026-04-24 05:52:59'),
(1518, 302, '2026-04-18', '19:34:32', NULL, 0, 0, 0.00, 'present', '2026-04-24 05:52:59', '2026-04-24 05:52:59'),
(1519, 302, '2026-04-19', '06:15:43', NULL, 0, 0, 0.00, 'present', '2026-04-24 05:52:59', '2026-04-24 05:52:59'),
(1520, 302, '2026-04-20', '07:22:45', NULL, 0, 0, 35000.00, 'present', '2026-04-24 05:52:59', '2026-04-24 05:52:59'),
(1521, 303, '2026-04-14', '07:38:16', '17:50:27', -8, 0, 37000.00, 'late', '2026-04-24 05:52:59', '2026-04-24 05:52:59'),
(1522, 303, '2026-04-15', '07:31:53', '21:50:17', -2, 0, 37000.00, 'late', '2026-04-24 05:52:59', '2026-04-24 05:52:59'),
(1523, 303, '2026-04-16', '07:56:59', '22:35:04', -27, 0, 37000.00, 'late', '2026-04-24 05:52:59', '2026-04-24 05:52:59'),
(1524, 303, '2026-04-17', '07:21:16', '19:52:58', 0, 0, 37000.00, 'present', '2026-04-24 05:52:59', '2026-04-24 05:52:59'),
(1525, 303, '2026-04-18', '06:06:17', NULL, 0, 0, 0.00, 'present', '2026-04-24 05:52:59', '2026-04-24 05:52:59'),
(1526, 303, '2026-04-20', '07:29:10', NULL, 0, 0, 37000.00, 'present', '2026-04-24 05:52:59', '2026-04-24 05:52:59'),
(1527, 304, '2026-04-14', '12:33:55', '20:01:43', -304, 0, 37000.00, 'late', '2026-04-24 05:52:59', '2026-04-24 05:52:59'),
(1528, 304, '2026-04-15', '05:47:38', '19:36:23', 0, 0, 37000.00, 'picket', '2026-04-24 05:52:59', '2026-04-24 05:52:59'),
(1529, 304, '2026-04-16', '06:11:45', NULL, 0, 0, 37000.00, 'present', '2026-04-24 05:52:59', '2026-04-24 05:52:59'),
(1530, 304, '2026-04-18', '12:36:11', '20:07:36', -756, 0, 37000.00, 'late', '2026-04-24 05:52:59', '2026-04-24 05:52:59'),
(1531, 304, '2026-04-19', '05:43:20', '19:34:01', 0, 0, 0.00, 'present', '2026-04-24 05:52:59', '2026-04-24 05:52:59'),
(1532, 304, '2026-04-20', '06:08:50', NULL, 0, 0, 0.00, 'present', '2026-04-24 05:52:59', '2026-04-24 05:52:59'),
(1533, 305, '2026-04-15', '07:15:01', '16:00:08', 0, 0, 37000.00, 'present', '2026-04-24 05:52:59', '2026-04-24 05:52:59'),
(1534, 305, '2026-04-16', '07:09:59', '16:00:13', 0, 0, 37000.00, 'present', '2026-04-24 05:52:59', '2026-04-24 05:52:59'),
(1535, 305, '2026-04-17', '07:09:12', '16:00:33', 0, 0, 37000.00, 'present', '2026-04-24 05:52:59', '2026-04-24 05:52:59'),
(1536, 305, '2026-04-20', '07:08:45', NULL, 0, 0, 37000.00, 'present', '2026-04-24 05:52:59', '2026-04-24 05:52:59'),
(1537, 306, '2026-04-14', '12:51:34', '20:00:06', -772, 0, 35000.00, 'late', '2026-04-24 05:52:59', '2026-04-24 05:52:59'),
(1538, 306, '2026-04-15', '05:49:33', '20:28:31', 0, 0, 35000.00, 'picket', '2026-04-24 05:52:59', '2026-04-24 05:52:59'),
(1539, 306, '2026-04-16', '06:03:56', NULL, 0, 0, 0.00, 'present', '2026-04-24 05:52:59', '2026-04-24 05:52:59'),
(1540, 306, '2026-04-18', '12:53:13', '20:00:16', -773, 0, 35000.00, 'late', '2026-04-24 05:52:59', '2026-04-24 05:52:59'),
(1541, 306, '2026-04-19', '05:55:19', '19:53:55', 0, 0, 35000.00, 'picket', '2026-04-24 05:52:59', '2026-04-24 05:52:59'),
(1542, 306, '2026-04-20', '06:01:46', NULL, 0, 0, 0.00, 'present', '2026-04-24 05:52:59', '2026-04-24 05:52:59'),
(1543, 307, '2026-04-14', '07:28:57', '16:47:44', 0, 0, 37000.00, 'present', '2026-04-24 05:52:59', '2026-04-24 05:52:59'),
(1544, 307, '2026-04-15', '07:05:13', '16:51:11', 0, 0, 37000.00, 'present', '2026-04-24 05:52:59', '2026-04-24 05:52:59'),
(1545, 307, '2026-04-16', '07:09:32', NULL, 0, 0, 37000.00, 'present', '2026-04-24 05:52:59', '2026-04-24 05:52:59'),
(1546, 307, '2026-04-17', '07:14:56', '16:29:22', 0, 0, 37000.00, 'present', '2026-04-24 05:52:59', '2026-04-24 05:52:59'),
(1547, 307, '2026-04-20', '07:12:00', NULL, 0, 0, 37000.00, 'present', '2026-04-24 05:52:59', '2026-04-24 05:52:59'),
(1548, 308, '2026-04-15', '06:03:06', NULL, -363, 0, 37000.00, 'late', '2026-04-24 05:52:59', '2026-04-24 05:52:59'),
(1549, 308, '2026-04-17', '12:55:47', '20:08:43', 0, 0, 0.00, 'present', '2026-04-24 05:52:59', '2026-04-24 05:52:59'),
(1550, 308, '2026-04-18', '06:03:32', '19:54:07', 0, 0, 0.00, 'present', '2026-04-24 05:52:59', '2026-04-24 05:52:59'),
(1551, 308, '2026-04-19', '06:11:08', NULL, 0, 0, 0.00, 'present', '2026-04-24 05:52:59', '2026-04-24 05:52:59'),
(1552, 308, '2026-04-20', '07:30:38', NULL, -31, 0, 37000.00, 'late', '2026-04-24 05:52:59', '2026-04-24 05:52:59'),
(1553, 309, '2026-04-14', '07:27:58', '17:44:55', 0, 0, 37000.00, 'present', '2026-04-24 05:52:59', '2026-04-24 05:52:59'),
(1554, 309, '2026-04-15', '07:17:13', '19:48:50', 0, 0, 37000.00, 'present', '2026-04-24 05:52:59', '2026-04-24 05:52:59'),
(1555, 309, '2026-04-16', '06:17:11', NULL, 0, 0, 37000.00, 'present', '2026-04-24 05:52:59', '2026-04-24 05:52:59'),
(1556, 309, '2026-04-17', '07:17:26', '16:54:31', 0, 0, 37000.00, 'present', '2026-04-24 05:52:59', '2026-04-24 05:52:59'),
(1557, 309, '2026-04-20', '07:26:35', NULL, 0, 0, 37000.00, 'present', '2026-04-24 05:52:59', '2026-04-24 05:52:59'),
(1558, 310, '2026-04-14', '07:04:09', '16:29:53', 0, 0, 37000.00, 'present', '2026-04-24 05:52:59', '2026-04-24 05:52:59'),
(1559, 310, '2026-04-15', '07:00:40', '16:05:33', 0, 0, 37000.00, 'present', '2026-04-24 05:52:59', '2026-04-24 05:52:59'),
(1560, 310, '2026-04-16', '07:09:25', '16:06:04', 0, 0, 37000.00, 'present', '2026-04-24 05:52:59', '2026-04-24 05:52:59'),
(1561, 310, '2026-04-17', '06:43:34', '16:02:55', 0, 0, 37000.00, 'present', '2026-04-24 05:52:59', '2026-04-24 05:52:59'),
(1562, 310, '2026-04-19', '07:09:22', '16:07:16', 0, 0, 0.00, 'present', '2026-04-24 05:52:59', '2026-04-24 05:52:59'),
(1563, 310, '2026-04-20', '07:00:57', NULL, 0, 0, 37000.00, 'present', '2026-04-24 05:52:59', '2026-04-24 05:52:59'),
(1564, 311, '2026-04-15', '13:03:22', '20:08:42', 0, 0, 37000.00, 'picket', '2026-04-24 05:52:59', '2026-04-24 05:52:59'),
(1565, 311, '2026-04-16', '06:03:19', '19:40:04', 0, 0, 37000.00, 'present', '2026-04-24 05:52:59', '2026-04-24 05:52:59'),
(1566, 311, '2026-04-19', '12:35:28', '20:02:18', 0, 0, 0.00, 'present', '2026-04-24 05:52:59', '2026-04-24 05:52:59'),
(1567, 312, '2026-04-15', '06:05:36', NULL, -366, 0, 35000.00, 'late', '2026-04-24 05:52:59', '2026-04-24 05:52:59'),
(1568, 312, '2026-04-17', '10:27:01', '20:16:00', 0, 0, 0.00, 'present', '2026-04-24 05:52:59', '2026-04-24 05:52:59'),
(1569, 312, '2026-04-18', '05:45:21', '19:51:42', 0, 0, 0.00, 'present', '2026-04-24 05:52:59', '2026-04-24 05:52:59'),
(1570, 312, '2026-04-19', '06:23:43', NULL, 0, 0, 0.00, 'present', '2026-04-24 05:52:59', '2026-04-24 05:52:59'),
(1571, 313, '2026-04-15', '07:11:53', '16:05:22', -432, 0, 35000.00, 'late', '2026-04-24 05:52:59', '2026-04-24 05:52:59'),
(1572, 313, '2026-04-16', '07:22:05', '16:08:08', 0, 0, 35000.00, 'present', '2026-04-24 05:52:59', '2026-04-24 05:52:59'),
(1573, 313, '2026-04-17', '07:17:58', '16:21:22', 0, 0, 0.00, 'present', '2026-04-24 05:52:59', '2026-04-24 05:52:59'),
(1574, 313, '2026-04-20', '07:20:31', NULL, -21, 0, 35000.00, 'late', '2026-04-24 05:52:59', '2026-04-24 05:52:59'),
(1575, 314, '2026-04-14', '07:30:49', '16:52:07', 0, 0, 37000.00, 'present', '2026-04-24 05:52:59', '2026-04-24 05:52:59'),
(1576, 314, '2026-04-15', '07:41:35', '18:00:57', -12, 0, 37000.00, 'late', '2026-04-24 05:52:59', '2026-04-24 05:52:59'),
(1577, 314, '2026-04-16', '07:34:27', '16:57:39', -4, 0, 37000.00, 'late', '2026-04-24 05:52:59', '2026-04-24 05:52:59'),
(1578, 314, '2026-04-17', '16:34:26', NULL, -544, 0, 37000.00, 'late', '2026-04-24 05:52:59', '2026-04-24 05:52:59'),
(1579, 314, '2026-04-20', '07:36:31', '07:57:06', -7, 0, 37000.00, 'late', '2026-04-24 05:52:59', '2026-04-24 05:52:59'),
(1580, 315, '2026-04-14', '07:02:28', '16:01:02', 0, 0, 37000.00, 'present', '2026-04-24 05:52:59', '2026-04-24 05:52:59'),
(1581, 315, '2026-04-15', '07:09:36', '16:04:11', 0, 0, 37000.00, 'present', '2026-04-24 05:52:59', '2026-04-24 05:52:59'),
(1582, 315, '2026-04-16', '07:11:22', '16:03:34', 0, 0, 37000.00, 'present', '2026-04-24 05:52:59', '2026-04-24 05:52:59'),
(1583, 315, '2026-04-17', '07:04:23', NULL, 0, 0, 37000.00, 'present', '2026-04-24 05:52:59', '2026-04-24 05:52:59'),
(1584, 315, '2026-04-20', '07:19:43', NULL, 0, 0, 37000.00, 'present', '2026-04-24 05:52:59', '2026-04-24 05:52:59'),
(1585, 316, '2026-04-14', '12:43:30', '20:01:32', -314, 0, 35000.00, 'late', '2026-04-24 05:52:59', '2026-04-24 05:52:59'),
(1586, 316, '2026-04-15', '05:48:14', '19:52:17', 0, 0, 35000.00, 'picket', '2026-04-24 05:52:59', '2026-04-24 05:52:59'),
(1587, 316, '2026-04-16', '06:17:04', NULL, 0, 0, 35000.00, 'present', '2026-04-24 05:52:59', '2026-04-24 05:52:59'),
(1588, 316, '2026-04-18', '12:53:18', '20:09:25', -773, 0, 35000.00, 'late', '2026-04-24 05:52:59', '2026-04-24 05:52:59'),
(1589, 316, '2026-04-19', '05:54:43', '19:44:02', 0, 0, 0.00, 'present', '2026-04-24 05:52:59', '2026-04-24 05:52:59'),
(1590, 316, '2026-04-20', '06:06:28', NULL, 0, 0, 0.00, 'present', '2026-04-24 05:52:59', '2026-04-24 05:52:59'),
(1591, 317, '2026-04-14', '12:52:56', '20:01:50', -773, 0, 37000.00, 'late', '2026-04-24 05:52:59', '2026-04-24 05:52:59'),
(1592, 317, '2026-04-15', '05:52:23', '19:55:26', 0, 0, 37000.00, 'picket', '2026-04-24 05:52:59', '2026-04-24 05:52:59'),
(1593, 317, '2026-04-16', '06:09:08', NULL, 0, 0, 0.00, 'present', '2026-04-24 05:52:59', '2026-04-24 05:52:59'),
(1594, 317, '2026-04-18', '12:50:04', '20:04:02', -770, 0, 37000.00, 'late', '2026-04-24 05:52:59', '2026-04-24 05:52:59'),
(1595, 317, '2026-04-19', '05:55:07', '19:49:35', 0, 0, 37000.00, 'picket', '2026-04-24 05:52:59', '2026-04-24 05:52:59'),
(1596, 317, '2026-04-20', '06:04:25', NULL, 0, 0, 0.00, 'present', '2026-04-24 05:52:59', '2026-04-24 05:52:59'),
(1597, 318, '2026-04-14', '07:32:13', '16:56:58', -2, 0, 37000.00, 'late', '2026-04-24 05:52:59', '2026-04-24 05:52:59'),
(1598, 318, '2026-04-15', '07:26:59', '17:19:01', 0, 0, 37000.00, 'present', '2026-04-24 05:52:59', '2026-04-24 05:52:59'),
(1599, 318, '2026-04-16', '07:46:08', '16:36:07', -16, 0, 37000.00, 'late', '2026-04-24 05:52:59', '2026-04-24 05:52:59'),
(1600, 318, '2026-04-17', '07:33:54', '16:08:14', -4, 0, 37000.00, 'late', '2026-04-24 05:52:59', '2026-04-24 05:52:59'),
(1601, 318, '2026-04-20', '07:22:35', NULL, 0, 0, 37000.00, 'present', '2026-04-24 05:52:59', '2026-04-24 05:52:59'),
(1602, 319, '2026-04-15', '06:19:26', NULL, -379, 0, 35000.00, 'late', '2026-04-24 05:52:59', '2026-04-24 05:52:59'),
(1603, 319, '2026-04-17', '12:37:11', '20:00:02', 0, 0, 0.00, 'present', '2026-04-24 05:52:59', '2026-04-24 05:52:59'),
(1604, 319, '2026-04-18', '05:35:29', '19:32:27', 0, 0, 0.00, 'present', '2026-04-24 05:52:59', '2026-04-24 05:52:59'),
(1605, 319, '2026-04-19', '06:24:09', NULL, 0, 0, 0.00, 'present', '2026-04-24 05:52:59', '2026-04-24 05:52:59'),
(1606, 320, '2026-04-16', '13:23:16', '20:05:29', -353, 0, 37000.00, 'late', '2026-04-24 05:52:59', '2026-04-24 05:52:59'),
(1607, 320, '2026-04-17', '05:57:10', '20:01:30', 0, 0, 37000.00, 'picket', '2026-04-24 05:52:59', '2026-04-24 05:52:59'),
(1608, 320, '2026-04-18', '06:09:12', NULL, 0, 0, 0.00, 'present', '2026-04-24 05:52:59', '2026-04-24 05:52:59'),
(1609, 321, '2026-04-14', '05:40:47', '17:25:07', 0, 0, 35000.00, 'present', '2026-04-24 05:52:59', '2026-04-24 05:52:59'),
(1610, 321, '2026-04-16', '06:10:48', NULL, 0, 0, 35000.00, 'present', '2026-04-24 05:52:59', '2026-04-24 05:52:59'),
(1611, 321, '2026-04-17', '07:15:03', '20:15:34', 0, 0, 35000.00, 'present', '2026-04-24 05:52:59', '2026-04-24 05:52:59'),
(1612, 321, '2026-04-18', '05:42:59', '17:27:53', 0, 0, 0.00, 'present', '2026-04-24 05:52:59', '2026-04-24 05:52:59'),
(1613, 321, '2026-04-19', '19:36:07', NULL, 0, 0, 0.00, 'present', '2026-04-24 05:52:59', '2026-04-24 05:52:59'),
(1614, 321, '2026-04-20', '06:01:41', NULL, 0, 0, 35000.00, 'present', '2026-04-24 05:52:59', '2026-04-24 05:52:59'),
(1615, 322, '2026-04-14', '06:07:18', NULL, 0, 0, 0.00, 'present', '2026-04-24 05:52:59', '2026-04-24 05:52:59'),
(1616, 322, '2026-04-16', '12:56:01', '20:12:22', -776, 0, 35000.00, 'late', '2026-04-24 05:52:59', '2026-04-24 05:52:59'),
(1617, 322, '2026-04-17', '05:54:58', '20:22:35', 0, 0, 35000.00, 'picket', '2026-04-24 05:52:59', '2026-04-24 05:52:59'),
(1618, 322, '2026-04-18', '06:07:51', NULL, 0, 0, 0.00, 'present', '2026-04-24 05:52:59', '2026-04-24 05:52:59');

-- --------------------------------------------------------

--
-- Struktur dari tabel `audit_logs`
--

CREATE TABLE `audit_logs` (
  `id` bigint(20) UNSIGNED NOT NULL,
  `user_id` bigint(20) UNSIGNED NOT NULL,
  `document_id` bigint(20) UNSIGNED DEFAULT NULL,
  `activity` varchar(255) NOT NULL,
  `is_system` tinyint(1) NOT NULL DEFAULT 0,
  `details` text DEFAULT NULL,
  `ip_address` varchar(255) DEFAULT NULL,
  `user_agent` text DEFAULT NULL,
  `created_at` timestamp NULL DEFAULT NULL,
  `updated_at` timestamp NULL DEFAULT NULL,
  `auditable_type` varchar(255) DEFAULT NULL,
  `old_values` longtext CHARACTER SET utf8mb4 COLLATE utf8mb4_bin DEFAULT NULL CHECK (json_valid(`old_values`)),
  `new_values` longtext CHARACTER SET utf8mb4 COLLATE utf8mb4_bin DEFAULT NULL CHECK (json_valid(`new_values`)),
  `auditable_id` bigint(20) UNSIGNED DEFAULT NULL
) ENGINE=InnoDB DEFAULT CHARSET=utf8mb4 COLLATE=utf8mb4_unicode_ci;

--
-- Dumping data untuk tabel `audit_logs`
--

INSERT INTO `audit_logs` (`id`, `user_id`, `document_id`, `activity`, `is_system`, `details`, `ip_address`, `user_agent`, `created_at`, `updated_at`, `auditable_type`, `old_values`, `new_values`, `auditable_id`) VALUES
(1, 1, NULL, 'login', 0, 'Berhasil masuk ke sistem.', '127.0.0.1', NULL, '2026-04-02 09:53:58', '2026-04-02 09:53:58', NULL, NULL, NULL, NULL),
(2, 1, NULL, 'login', 0, 'Berhasil masuk ke sistem.', '127.0.0.1', NULL, '2026-04-02 17:26:15', '2026-04-02 17:26:15', NULL, NULL, NULL, NULL),
(3, 1, NULL, 'create_announcement', 0, 'Super Admin menyiarkan pengumuman baru: coba coba', '127.0.0.1', NULL, '2026-04-02 19:22:35', '2026-04-02 19:22:35', NULL, NULL, NULL, NULL),
(4, 1, NULL, 'delete_announcement', 0, 'Super Admin menghapus pengumuman: coba coba', '127.0.0.1', NULL, '2026-04-02 19:22:55', '2026-04-02 19:22:55', NULL, NULL, NULL, NULL),
(5, 1, NULL, 'login', 0, 'Berhasil masuk ke sistem.', '127.0.0.1', NULL, '2026-04-03 07:36:38', '2026-04-03 07:36:38', NULL, NULL, NULL, NULL),
(6, 1, NULL, 'update_employee', 0, 'Super Admin memperbarui data pegawai: Super Admin', '127.0.0.1', NULL, '2026-04-03 08:01:21', '2026-04-03 08:01:21', NULL, NULL, NULL, NULL),
(7, 1, NULL, 'login', 0, 'Berhasil masuk ke sistem.', '127.0.0.1', NULL, '2026-04-04 05:58:14', '2026-04-04 05:58:14', NULL, NULL, NULL, NULL),
(8, 1, NULL, 'logout', 0, 'Keluar dari sistem.', '127.0.0.1', NULL, '2026-04-04 05:59:02', '2026-04-04 05:59:02', NULL, NULL, NULL, NULL),
(11, 1, NULL, 'login', 0, 'Berhasil masuk ke sistem.', '127.0.0.1', NULL, '2026-04-04 07:38:41', '2026-04-04 07:38:41', NULL, NULL, NULL, NULL),
(12, 1, NULL, 'login', 0, 'Berhasil masuk ke sistem.', '127.0.0.1', NULL, '2026-04-04 18:28:28', '2026-04-04 18:28:28', NULL, NULL, NULL, NULL),
(13, 1, NULL, 'login', 0, 'Berhasil masuk ke sistem.', '127.0.0.1', NULL, '2026-04-04 19:38:02', '2026-04-04 19:38:02', NULL, NULL, NULL, NULL),
(14, 1, NULL, 'update_employee', 0, 'Super Admin memperbarui data pegawai: SAMUD', '127.0.0.1', NULL, '2026-04-05 01:07:14', '2026-04-05 01:07:14', NULL, NULL, NULL, NULL),
(15, 1, NULL, 'import_employees', 0, 'Super Admin melakukan impor data pegawai massal', '127.0.0.1', NULL, '2026-04-05 01:09:09', '2026-04-05 01:09:09', NULL, NULL, NULL, NULL),
(16, 1, NULL, 'logout', 0, 'Keluar dari sistem.', '127.0.0.1', NULL, '2026-04-05 01:13:00', '2026-04-05 01:13:00', NULL, NULL, NULL, NULL),
(19, 1, NULL, 'login', 0, 'Berhasil masuk ke sistem.', '127.0.0.1', NULL, '2026-04-05 01:30:13', '2026-04-05 01:30:13', NULL, NULL, NULL, NULL),
(20, 1, NULL, 'create_announcement', 0, 'Super Admin menyiarkan pengumuman (banner): Pengumuman Untuk Seluruh Pegawai Diharapkan Segera...', '127.0.0.1', NULL, '2026-04-05 01:54:01', '2026-04-05 01:54:01', NULL, NULL, NULL, NULL),
(21, 1, NULL, 'export_dashboard_pdf', 0, 'Super Admin mengekspor ringkasan dashboard ke PDF', '127.0.0.1', NULL, '2026-04-05 01:55:59', '2026-04-05 01:55:59', NULL, NULL, NULL, NULL),
(22, 1, NULL, 'update_settings', 0, 'Super Admin memperbarui konfigurasi sistem', '127.0.0.1', NULL, '2026-04-05 03:00:05', '2026-04-05 03:00:05', NULL, NULL, NULL, NULL),
(23, 1, NULL, 'update_settings', 0, 'Super Admin memperbarui konfigurasi sistem', '127.0.0.1', NULL, '2026-04-05 03:00:27', '2026-04-05 03:00:27', NULL, NULL, NULL, NULL),
(24, 1, NULL, 'login', 0, 'Berhasil masuk ke sistem.', '127.0.0.1', NULL, '2026-04-05 05:51:23', '2026-04-05 05:51:23', NULL, NULL, NULL, NULL),
(27, 1, NULL, 'login', 0, 'Berhasil masuk ke sistem.', '127.0.0.1', NULL, '2026-04-05 18:57:43', '2026-04-05 18:57:43', NULL, NULL, NULL, NULL),
(28, 1, NULL, 'logout', 0, 'Keluar dari sistem.', '127.0.0.1', NULL, '2026-04-05 19:41:06', '2026-04-05 19:41:06', NULL, NULL, NULL, NULL),
(31, 1, NULL, 'login', 0, 'Berhasil masuk ke sistem.', '127.0.0.1', NULL, '2026-04-05 19:42:58', '2026-04-05 19:42:58', NULL, NULL, NULL, NULL),
(32, 1, NULL, 'create_category', 0, 'Super Admin membuat kategori baru: Baru', '127.0.0.1', NULL, '2026-04-05 19:44:27', '2026-04-05 19:44:27', NULL, NULL, NULL, NULL),
(33, 1, NULL, 'delete_category', 0, 'Super Admin menghapus kategori: Baru', '127.0.0.1', NULL, '2026-04-05 19:48:40', '2026-04-05 19:48:40', NULL, NULL, NULL, NULL),
(34, 1, NULL, 'login', 0, 'Berhasil masuk ke sistem.', '127.0.0.1', NULL, '2026-04-05 23:17:46', '2026-04-05 23:17:46', NULL, NULL, NULL, NULL),
(35, 1, NULL, 'logout', 0, 'Keluar dari sistem.', '127.0.0.1', NULL, '2026-04-06 01:46:35', '2026-04-06 01:46:35', NULL, NULL, NULL, NULL),
(38, 1, NULL, 'login', 0, 'Berhasil masuk ke sistem.', '127.0.0.1', NULL, '2026-04-06 02:42:37', '2026-04-06 02:42:37', NULL, NULL, NULL, NULL),
(39, 1, NULL, 'import_attendance', 0, 'Sinkronisasi fingerprint (Xlsx): 1003 data', '127.0.0.1', NULL, '2026-04-06 04:12:15', '2026-04-06 04:12:15', NULL, NULL, NULL, NULL),
(40, 1, NULL, 'create_shift', 0, 'Super Admin menambahkan shift baru: Pagi', '127.0.0.1', NULL, '2026-04-06 04:17:35', '2026-04-06 04:17:35', NULL, NULL, NULL, NULL),
(41, 1, NULL, 'create_shift', 0, 'Super Admin menambahkan shift baru: Siang', '127.0.0.1', NULL, '2026-04-06 04:18:11', '2026-04-06 04:18:11', NULL, NULL, NULL, NULL),
(42, 1, NULL, 'create_shift', 0, 'Super Admin menambahkan shift baru: Malam', '127.0.0.1', NULL, '2026-04-06 04:18:43', '2026-04-06 04:18:43', NULL, NULL, NULL, NULL),
(43, 1, NULL, 'generate_roster', 0, 'Super Admin men-generate roster otomatis untuk Regu A bulan April 2026', '127.0.0.1', NULL, '2026-04-06 04:19:28', '2026-04-06 04:19:28', NULL, NULL, NULL, NULL),
(44, 1, NULL, 'generate_roster', 0, 'Super Admin men-generate roster otomatis untuk Regu A bulan April 2026', '127.0.0.1', NULL, '2026-04-06 05:22:15', '2026-04-06 05:22:15', NULL, NULL, NULL, NULL),
(45, 1, NULL, 'logout', 0, 'Keluar dari sistem.', '127.0.0.1', NULL, '2026-04-06 05:23:04', '2026-04-06 05:23:04', NULL, NULL, NULL, NULL),
(46, 1, NULL, 'login', 0, 'Berhasil masuk ke sistem.', '127.0.0.1', NULL, '2026-04-06 07:24:16', '2026-04-06 07:24:16', NULL, NULL, NULL, NULL),
(47, 1, NULL, 'generate_roster', 0, 'Super Admin men-generate roster otomatis untuk Regu A bulan April 2026', '127.0.0.1', NULL, '2026-04-06 07:27:24', '2026-04-06 07:27:24', NULL, NULL, NULL, NULL),
(48, 1, NULL, 'login', 0, 'Berhasil masuk ke sistem.', '127.0.0.1', NULL, '2026-04-06 19:21:47', '2026-04-06 19:21:47', NULL, NULL, NULL, NULL),
(49, 1, NULL, 'create_squad', 0, 'Super Admin membuat regu baru: Regu A', '127.0.0.1', NULL, '2026-04-06 19:39:39', '2026-04-06 19:39:39', NULL, NULL, NULL, NULL),
(50, 1, NULL, 'import_employees', 0, 'Super Admin mengimpor data pegawai via Excel', '127.0.0.1', NULL, '2026-04-06 21:38:01', '2026-04-06 21:38:01', NULL, NULL, NULL, NULL),
(51, 1, NULL, 'import_employees', 0, 'Super Admin mengimpor data pegawai via Excel', '127.0.0.1', NULL, '2026-04-06 21:38:04', '2026-04-06 21:38:04', NULL, NULL, NULL, NULL),
(52, 1, NULL, 'import_employees', 0, 'Super Admin mengimpor data pegawai via Excel', '127.0.0.1', NULL, '2026-04-06 21:45:29', '2026-04-06 21:45:29', NULL, NULL, NULL, NULL),
(53, 1, NULL, 'import_employees', 0, 'Super Admin mengimpor data pegawai via Excel', '127.0.0.1', NULL, '2026-04-06 21:58:37', '2026-04-06 21:58:37', NULL, NULL, NULL, NULL),
(54, 1, NULL, 'import_employees', 0, 'Super Admin mengimpor data pegawai via Excel', '127.0.0.1', NULL, '2026-04-06 22:02:03', '2026-04-06 22:02:03', NULL, NULL, NULL, NULL),
(55, 1, NULL, 'import_employees', 0, 'Super Admin mengimpor data pegawai via Excel', '127.0.0.1', NULL, '2026-04-06 22:09:07', '2026-04-06 22:09:07', NULL, NULL, NULL, NULL),
(56, 1, NULL, 'import_employees', 0, 'Super Admin mengimpor data pegawai via Excel', '127.0.0.1', NULL, '2026-04-06 22:10:40', '2026-04-06 22:10:40', NULL, NULL, NULL, NULL),
(57, 1, NULL, 'import_employees', 0, 'Super Admin mengimpor data pegawai via Excel', '127.0.0.1', NULL, '2026-04-06 22:18:14', '2026-04-06 22:18:14', NULL, NULL, NULL, NULL),
(58, 1, NULL, 'destroy_all_employees', 0, 'Super Admin menghapus SELURUH data pegawai (213 data)', '127.0.0.1', NULL, '2026-04-06 23:26:57', '2026-04-06 23:26:57', NULL, NULL, NULL, NULL),
(59, 1, NULL, 'import_employees', 0, 'Super Admin mengimpor 106 data pegawai via Excel', '127.0.0.1', NULL, '2026-04-06 23:36:56', '2026-04-06 23:36:56', NULL, NULL, NULL, NULL),
(60, 1, NULL, 'update_employee', 0, 'Super Admin memperbarui data pegawai: ZUSA IKHWANUL KIROM', '127.0.0.1', NULL, '2026-04-07 01:12:33', '2026-04-07 01:12:33', NULL, NULL, NULL, NULL),
(61, 1, NULL, 'create_rank', 0, 'Super Admin membuat golongan baru: IIA', '127.0.0.1', NULL, '2026-04-07 02:07:55', '2026-04-07 02:07:55', NULL, NULL, NULL, NULL),
(62, 1, NULL, 'create_rank', 0, 'Super Admin membuat golongan baru: IIB', '127.0.0.1', NULL, '2026-04-07 02:08:18', '2026-04-07 02:08:18', NULL, NULL, NULL, NULL),
(63, 1, NULL, 'create_rank', 0, 'Super Admin membuat golongan baru: IIC', '127.0.0.1', NULL, '2026-04-07 02:08:27', '2026-04-07 02:08:27', NULL, NULL, NULL, NULL),
(64, 1, NULL, 'create_rank', 0, 'Super Admin membuat golongan baru: IIIA', '127.0.0.1', NULL, '2026-04-07 02:08:37', '2026-04-07 02:08:37', NULL, NULL, NULL, NULL),
(65, 1, NULL, 'create_rank', 0, 'Super Admin membuat golongan baru: IIIB', '127.0.0.1', NULL, '2026-04-07 02:08:48', '2026-04-07 02:08:48', NULL, NULL, NULL, NULL),
(66, 1, NULL, 'create_rank', 0, 'Super Admin membuat golongan baru: IIIC', '127.0.0.1', NULL, '2026-04-07 02:08:58', '2026-04-07 02:08:58', NULL, NULL, NULL, NULL),
(67, 1, NULL, 'create_rank', 0, 'Super Admin membuat golongan baru: IVA', '127.0.0.1', NULL, '2026-04-07 02:09:07', '2026-04-07 02:09:07', NULL, NULL, NULL, NULL),
(68, 1, NULL, 'create_rank', 0, 'Super Admin membuat golongan baru: IVB', '127.0.0.1', NULL, '2026-04-07 02:09:22', '2026-04-07 02:09:22', NULL, NULL, NULL, NULL),
(69, 1, NULL, 'create_rank', 0, 'Super Admin membuat golongan baru: IVC', '127.0.0.1', NULL, '2026-04-07 02:09:46', '2026-04-07 02:09:46', NULL, NULL, NULL, NULL),
(70, 1, NULL, 'update_employee', 0, 'Super Admin memperbarui data pegawai: ABDUL KHAFIDZ', '127.0.0.1', NULL, '2026-04-07 02:55:48', '2026-04-07 02:55:48', NULL, NULL, NULL, NULL),
(71, 1, NULL, 'update_employee', 0, 'Super Admin memperbarui data pegawai: ABDURAHMAN BAHARUDIN WAHID', '127.0.0.1', NULL, '2026-04-07 02:58:49', '2026-04-07 02:58:49', NULL, NULL, NULL, NULL),
(72, 1, NULL, 'update_employee', 0, 'Super Admin memperbarui data pegawai: ABROR WIJAYANTO', '127.0.0.1', NULL, '2026-04-07 02:59:33', '2026-04-07 02:59:33', NULL, NULL, NULL, NULL),
(73, 1, NULL, 'update_employee', 0, 'Super Admin memperbarui data pegawai: ACHMAD AGUNG NOVIANTO', '127.0.0.1', NULL, '2026-04-07 02:59:59', '2026-04-07 02:59:59', NULL, NULL, NULL, NULL),
(74, 1, NULL, 'import_employees', 0, 'Super Admin mengimpor 106 data pegawai via Excel', '127.0.0.1', NULL, '2026-04-07 03:57:31', '2026-04-07 03:57:31', NULL, NULL, NULL, NULL),
(75, 1, NULL, 'bulk_delete_squad', 0, 'Super Admin menghapus 116 regu secara massal', '127.0.0.1', NULL, '2026-04-07 04:32:47', '2026-04-07 04:32:47', NULL, NULL, NULL, NULL),
(76, 1, NULL, 'bulk_delete_position', 0, 'Super Admin menghapus 107 jabatan secara massal', '127.0.0.1', NULL, '2026-04-07 04:37:47', '2026-04-07 04:37:47', NULL, NULL, NULL, NULL),
(77, 1, NULL, 'bulk_delete_rank', 0, 'Super Admin menghapus 9 golongan secara massal', '127.0.0.1', NULL, '2026-04-07 05:09:08', '2026-04-07 05:09:08', NULL, NULL, NULL, NULL),
(78, 1, NULL, 'login', 0, 'Berhasil masuk ke sistem.', '127.0.0.1', NULL, '2026-04-07 05:49:33', '2026-04-07 05:49:33', NULL, NULL, NULL, NULL),
(79, 1, NULL, 'export_dashboard_pdf', 0, 'Super Admin mengekspor ringkasan dashboard ke PDF', '127.0.0.1', NULL, '2026-04-07 07:18:40', '2026-04-07 07:18:40', NULL, NULL, NULL, NULL),
(80, 1, NULL, 'logout', 0, 'Keluar dari sistem.', '127.0.0.1', NULL, '2026-04-07 07:33:05', '2026-04-07 07:33:05', NULL, NULL, NULL, NULL),
(81, 1, NULL, 'login', 0, 'Berhasil masuk ke sistem.', '127.0.0.1', NULL, '2026-04-07 07:35:14', '2026-04-07 07:35:14', NULL, NULL, NULL, NULL),
(82, 1, NULL, 'logout', 0, 'Keluar dari sistem.', '127.0.0.1', NULL, '2026-04-07 07:35:59', '2026-04-07 07:35:59', NULL, NULL, NULL, NULL),
(83, 1, NULL, 'login', 0, 'Berhasil masuk ke sistem.', '127.0.0.1', NULL, '2026-04-07 08:05:55', '2026-04-07 08:05:55', NULL, NULL, NULL, NULL),
(84, 1, NULL, 'export_dashboard_pdf', 0, 'Super Admin mengekspor ringkasan dashboard ke PDF', '127.0.0.1', NULL, '2026-04-07 08:06:18', '2026-04-07 08:06:18', NULL, NULL, NULL, NULL),
(85, 1, NULL, 'login', 0, 'Berhasil masuk ke sistem.', '127.0.0.1', NULL, '2026-04-07 22:06:58', '2026-04-07 22:06:58', NULL, NULL, NULL, NULL),
(86, 1, NULL, 'update_rank', 0, 'Super Admin memperbarui golongan: II/A', '127.0.0.1', NULL, '2026-04-07 22:10:48', '2026-04-07 22:10:48', NULL, NULL, NULL, NULL),
(87, 1, NULL, 'update_rank', 0, 'Super Admin memperbarui golongan: III/A', '127.0.0.1', NULL, '2026-04-07 22:11:02', '2026-04-07 22:11:02', NULL, NULL, NULL, NULL),
(88, 1, NULL, 'update_rank', 0, 'Super Admin memperbarui golongan: IV/A', '127.0.0.1', NULL, '2026-04-07 22:11:14', '2026-04-07 22:11:14', NULL, NULL, NULL, NULL),
(89, 1, NULL, 'update_rank', 0, 'Super Admin memperbarui golongan: II/B', '127.0.0.1', NULL, '2026-04-07 22:11:28', '2026-04-07 22:11:28', NULL, NULL, NULL, NULL),
(90, 1, NULL, 'update_rank', 0, 'Super Admin memperbarui golongan: II/C', '127.0.0.1', NULL, '2026-04-07 22:12:01', '2026-04-07 22:12:01', NULL, NULL, NULL, NULL),
(91, 1, NULL, 'update_rank', 0, 'Super Admin memperbarui golongan: III/B', '127.0.0.1', NULL, '2026-04-07 22:12:15', '2026-04-07 22:12:15', NULL, NULL, NULL, NULL),
(92, 1, NULL, 'update_rank', 0, 'Super Admin memperbarui golongan: III/C', '127.0.0.1', NULL, '2026-04-07 22:12:27', '2026-04-07 22:12:27', NULL, NULL, NULL, NULL),
(93, 1, NULL, 'update_rank', 0, 'Super Admin memperbarui golongan: III/D', '127.0.0.1', NULL, '2026-04-07 22:12:40', '2026-04-07 22:12:40', NULL, NULL, NULL, NULL),
(94, 1, NULL, 'update_employee', 0, 'Super Admin memperbarui data pegawai: ABDURAHMAN BAHARUDIN WAHID', '127.0.0.1', NULL, '2026-04-07 22:13:09', '2026-04-07 22:13:09', 'App\\Models\\Employee', '{\"id\":218,\"user_id\":118,\"nip\":\"199104012024211002\",\"nik\":\"3314020104910001\",\"full_name\":\"ABDURAHMAN BAHARUDIN WAHID\",\"phone_number\":\"3314020104910001\",\"position\":\"DOKTER PERTAMA\",\"rank\":null,\"rank_id\":11,\"rank_class\":\"x\",\"employee_type\":\"non_regu_jaga\",\"picket_regu\":null,\"photo\":null,\"created_at\":\"2026-04-07T06:35:58.000000Z\",\"updated_at\":\"2026-04-07T10:57:29.000000Z\",\"position_id\":26,\"work_unit_id\":6,\"squad_id\":null}', '{\"id\":218,\"user_id\":118,\"nip\":\"199104012024211002\",\"nik\":\"3314020104910001\",\"full_name\":\"ABDURAHMAN BAHARUDIN WAHID\",\"phone_number\":\"3314020104910001\",\"position\":\"DOKTER PERTAMA\",\"rank\":null,\"rank_id\":10,\"rank_class\":\"III\\/B\",\"employee_type\":\"non_regu_jaga\",\"picket_regu\":null,\"photo\":null,\"created_at\":\"2026-04-07T06:35:58.000000Z\",\"updated_at\":\"2026-04-08T05:13:08.000000Z\",\"position_id\":26,\"work_unit_id\":6,\"squad_id\":null}', 218),
(95, 1, NULL, 'update_rank', 0, 'Super Admin memperbarui golongan: II/B', '127.0.0.1', NULL, '2026-04-07 22:22:29', '2026-04-07 22:22:29', NULL, NULL, NULL, NULL),
(96, 1, NULL, 'update_rank', 0, 'Super Admin memperbarui golongan: II/B', '127.0.0.1', NULL, '2026-04-07 22:25:42', '2026-04-07 22:25:42', NULL, NULL, NULL, NULL),
(97, 1, NULL, 'add_squad_member', 0, 'Super Admin menambahkan anggota ke regu: Regu A', '127.0.0.1', NULL, '2026-04-07 22:33:57', '2026-04-07 22:33:57', NULL, NULL, NULL, NULL),
(98, 1, NULL, 'create_squad', 0, 'Super Admin membuat regu baru: Regu B', '127.0.0.1', NULL, '2026-04-07 22:34:36', '2026-04-07 22:34:36', NULL, NULL, NULL, NULL),
(99, 1, NULL, 'remove_squad_member', 0, 'Super Admin mengeluarkan anggota dari regu: Regu A', '127.0.0.1', NULL, '2026-04-07 22:38:40', '2026-04-07 22:38:40', NULL, NULL, NULL, NULL),
(100, 1, NULL, 'create_squad', 0, 'Super Admin membuat regu baru: Regu C', '127.0.0.1', NULL, '2026-04-07 22:41:38', '2026-04-07 22:41:38', NULL, NULL, NULL, NULL),
(101, 1, NULL, 'create_squad', 0, 'Super Admin membuat regu baru: Regu D', '127.0.0.1', NULL, '2026-04-07 22:42:27', '2026-04-07 22:42:27', NULL, NULL, NULL, NULL),
(102, 1, NULL, 'bulk_remove_squad_members', 0, 'Super Admin mengeluarkan 5 anggota dari regu: Regu A', '127.0.0.1', NULL, '2026-04-07 22:43:46', '2026-04-07 22:43:46', NULL, NULL, NULL, NULL),
(103, 1, NULL, 'add_squad_member', 0, 'Super Admin menambahkan anggota ke regu: Regu A', '127.0.0.1', NULL, '2026-04-07 22:46:28', '2026-04-07 22:46:28', NULL, NULL, NULL, NULL),
(104, 1, NULL, 'add_squad_member', 0, 'Super Admin menambahkan anggota ke regu: Regu B', '127.0.0.1', NULL, '2026-04-07 22:47:38', '2026-04-07 22:47:38', NULL, NULL, NULL, NULL),
(105, 1, NULL, 'add_squad_member', 0, 'Super Admin menambahkan anggota ke regu: Regu C', '127.0.0.1', NULL, '2026-04-07 22:47:51', '2026-04-07 22:47:51', NULL, NULL, NULL, NULL),
(106, 1, NULL, 'add_squad_member', 0, 'Super Admin menambahkan anggota ke regu: Regu D', '127.0.0.1', NULL, '2026-04-07 22:48:09', '2026-04-07 22:48:09', NULL, NULL, NULL, NULL),
(107, 1, NULL, 'login', 0, 'Berhasil masuk ke sistem.', '127.0.0.1', NULL, '2026-04-08 04:24:46', '2026-04-08 04:24:46', NULL, NULL, NULL, NULL),
(108, 1, NULL, 'delete_employee', 0, 'Super Admin menghapus data pegawai: Irvan Firmansyah', '127.0.0.1', NULL, '2026-04-08 04:29:36', '2026-04-08 04:29:36', NULL, '{\"id\":323,\"user_id\":223,\"nip\":\"199001012024011\",\"nik\":null,\"full_name\":\"Irvan Firmansyah\",\"phone_number\":null,\"position\":\"Petugas RUPAM\",\"rank\":null,\"rank_id\":null,\"rank_class\":null,\"employee_type\":\"regu_jaga\",\"picket_regu\":null,\"role_in_squad\":\"Karupam\",\"photo\":null,\"created_at\":\"2026-04-08T10:58:02.000000Z\",\"updated_at\":\"2026-04-08T10:58:02.000000Z\",\"position_id\":null,\"work_unit_id\":null,\"squad_id\":121}', NULL, NULL),
(109, 1, NULL, 'delete_employee', 0, 'Super Admin menghapus data pegawai: M. Fahmi', '127.0.0.1', NULL, '2026-04-08 04:29:36', '2026-04-08 04:29:36', NULL, '{\"id\":325,\"user_id\":225,\"nip\":\"199801012026011\",\"nik\":null,\"full_name\":\"M. Fahmi\",\"phone_number\":null,\"position\":\"Petugas RUPAM\",\"rank\":null,\"rank_id\":null,\"rank_class\":null,\"employee_type\":\"regu_jaga\",\"picket_regu\":null,\"role_in_squad\":\"Anggota (CPNS)\",\"photo\":null,\"created_at\":\"2026-04-08T10:58:02.000000Z\",\"updated_at\":\"2026-04-08T10:58:02.000000Z\",\"position_id\":null,\"work_unit_id\":null,\"squad_id\":121}', NULL, NULL),
(110, 1, NULL, 'delete_employee', 0, 'Super Admin menghapus data pegawai: Moch. Machfud', '127.0.0.1', NULL, '2026-04-08 04:29:36', '2026-04-08 04:29:36', NULL, '{\"id\":326,\"user_id\":226,\"nip\":\"199001032024011\",\"nik\":null,\"full_name\":\"Moch. Machfud\",\"phone_number\":null,\"position\":\"Petugas RUPAM\",\"rank\":null,\"rank_id\":null,\"rank_class\":null,\"employee_type\":\"regu_jaga\",\"picket_regu\":null,\"role_in_squad\":\"Karupam\",\"photo\":null,\"created_at\":\"2026-04-08T10:58:02.000000Z\",\"updated_at\":\"2026-04-08T10:58:02.000000Z\",\"position_id\":null,\"work_unit_id\":null,\"squad_id\":122}', NULL, NULL),
(111, 1, NULL, 'delete_employee', 0, 'Super Admin menghapus data pegawai: Ali Wafak', '127.0.0.1', NULL, '2026-04-08 04:29:36', '2026-04-08 04:29:36', NULL, '{\"id\":327,\"user_id\":227,\"nip\":\"199001042024011\",\"nik\":null,\"full_name\":\"Ali Wafak\",\"phone_number\":null,\"position\":\"Petugas RUPAM\",\"rank\":null,\"rank_id\":null,\"rank_class\":null,\"employee_type\":\"regu_jaga\",\"picket_regu\":null,\"role_in_squad\":\"Anggota\",\"photo\":null,\"created_at\":\"2026-04-08T10:58:03.000000Z\",\"updated_at\":\"2026-04-08T10:58:03.000000Z\",\"position_id\":null,\"work_unit_id\":null,\"squad_id\":122}', NULL, NULL),
(112, 1, NULL, 'delete_employee', 0, 'Super Admin menghapus data pegawai: Heri Wibowo', '127.0.0.1', NULL, '2026-04-08 04:29:36', '2026-04-08 04:29:36', NULL, '{\"id\":328,\"user_id\":228,\"nip\":\"199001052024011\",\"nik\":null,\"full_name\":\"Heri Wibowo\",\"phone_number\":null,\"position\":\"Petugas RUPAM\",\"rank\":null,\"rank_id\":null,\"rank_class\":null,\"employee_type\":\"regu_jaga\",\"picket_regu\":null,\"role_in_squad\":\"Karupam\",\"photo\":null,\"created_at\":\"2026-04-08T10:58:03.000000Z\",\"updated_at\":\"2026-04-08T10:58:03.000000Z\",\"position_id\":null,\"work_unit_id\":null,\"squad_id\":123}', NULL, NULL),
(113, 1, NULL, 'delete_employee', 0, 'Super Admin menghapus data pegawai: Arie Setyawan', '127.0.0.1', NULL, '2026-04-08 04:29:36', '2026-04-08 04:29:36', NULL, '{\"id\":329,\"user_id\":229,\"nip\":\"199001062024011\",\"nik\":null,\"full_name\":\"Arie Setyawan\",\"phone_number\":null,\"position\":\"Petugas RUPAM\",\"rank\":null,\"rank_id\":null,\"rank_class\":null,\"employee_type\":\"regu_jaga\",\"picket_regu\":null,\"role_in_squad\":\"Karupam\",\"photo\":null,\"created_at\":\"2026-04-08T10:58:03.000000Z\",\"updated_at\":\"2026-04-08T10:58:03.000000Z\",\"position_id\":null,\"work_unit_id\":null,\"squad_id\":124}', NULL, NULL),
(114, 1, NULL, 'bulk_delete_squad', 0, 'Super Admin menghapus 4 regu secara massal', '127.0.0.1', NULL, '2026-04-08 04:32:45', '2026-04-08 04:32:45', NULL, NULL, NULL, NULL),
(115, 1, NULL, 'bulk_remove_squad_members', 0, 'Super Admin mengeluarkan 1 anggota dari regu: Regu I', '127.0.0.1', NULL, '2026-04-08 04:33:01', '2026-04-08 04:33:01', NULL, NULL, NULL, NULL),
(116, 1, NULL, 'login', 0, 'Berhasil masuk ke sistem.', '127.0.0.1', NULL, '2026-04-19 18:03:59', '2026-04-19 18:03:59', NULL, NULL, NULL, NULL),
(117, 1, NULL, 'login', 0, 'Berhasil masuk ke sistem.', '127.0.0.1', NULL, '2026-04-24 02:19:14', '2026-04-24 02:19:14', NULL, NULL, NULL, NULL),
(118, 1, NULL, 'login', 0, 'Berhasil masuk ke sistem.', '127.0.0.1', NULL, '2026-04-24 02:20:11', '2026-04-24 02:20:11', NULL, NULL, NULL, NULL),
(119, 1, NULL, 'delete_employee', 0, 'Super Admin menghapus data pegawai: Arafat Syaikhu', '127.0.0.1', NULL, '2026-04-24 03:57:47', '2026-04-24 03:57:47', NULL, '{\"id\":324,\"user_id\":224,\"nip\":\"199001022024011\",\"nik\":null,\"full_name\":\"Arafat Syaikhu\",\"phone_number\":null,\"position\":\"Petugas RUPAM\",\"rank\":null,\"rank_id\":null,\"rank_class\":null,\"employee_type\":\"regu_jaga\",\"picket_regu\":null,\"role_in_squad\":\"Wakarupam\",\"photo\":null,\"created_at\":\"2026-04-08T10:58:02.000000Z\",\"updated_at\":\"2026-04-08T11:33:01.000000Z\",\"position_id\":null,\"work_unit_id\":null,\"squad_id\":null,\"category_id\":null,\"tunkin_id\":null,\"user\":{\"id\":224,\"name\":\"Arafat Syaikhu\",\"email\":\"arafat.syaikhu@lapas.go.id\",\"email_verified_at\":null,\"role\":\"pegawai\",\"created_at\":\"2026-04-08T10:58:02.000000Z\",\"updated_at\":\"2026-04-08T10:58:02.000000Z\"}}', NULL, NULL),
(120, 1, NULL, 'bulk_delete_squad', 0, 'Super Admin menghapus 4 regu secara massal', '127.0.0.1', NULL, '2026-04-24 05:20:55', '2026-04-24 05:20:55', NULL, NULL, NULL, NULL),
(121, 1, NULL, 'add_squad_member', 0, 'Super Admin menambahkan anggota ke regu: Regu A', '127.0.0.1', NULL, '2026-04-24 05:23:22', '2026-04-24 05:23:22', NULL, NULL, NULL, NULL),
(122, 1, NULL, 'add_squad_member', 0, 'Super Admin menambahkan anggota ke regu: Regu B', '127.0.0.1', NULL, '2026-04-24 05:24:53', '2026-04-24 05:24:53', NULL, NULL, NULL, NULL),
(123, 1, NULL, 'add_squad_member', 0, 'Super Admin menambahkan anggota ke regu: Regu C', '127.0.0.1', NULL, '2026-04-24 05:31:44', '2026-04-24 05:31:44', NULL, NULL, NULL, NULL),
(124, 1, NULL, 'add_squad_member', 0, 'Super Admin menambahkan anggota ke regu: Regu D', '127.0.0.1', NULL, '2026-04-24 05:33:06', '2026-04-24 05:33:06', NULL, NULL, NULL, NULL),
(125, 1, NULL, 'add_squad_member', 0, 'Super Admin menambahkan anggota ke regu: Regu A', '127.0.0.1', NULL, '2026-04-24 05:33:40', '2026-04-24 05:33:40', NULL, NULL, NULL, NULL),
(126, 1, NULL, 'add_squad_member', 0, 'Super Admin menambahkan anggota ke regu: Regu B', '127.0.0.1', NULL, '2026-04-24 05:34:02', '2026-04-24 05:34:02', NULL, NULL, NULL, NULL),
(127, 1, NULL, 'add_squad_member', 0, 'Super Admin menambahkan anggota ke regu: Regu C', '127.0.0.1', NULL, '2026-04-24 05:34:22', '2026-04-24 05:34:22', NULL, NULL, NULL, NULL),
(128, 1, NULL, 'add_squad_member', 0, 'Super Admin menambahkan anggota ke regu: Regu D', '127.0.0.1', NULL, '2026-04-24 05:35:23', '2026-04-24 05:35:23', NULL, NULL, NULL, NULL);

-- --------------------------------------------------------

--
-- Struktur dari tabel `cache`
--

CREATE TABLE `cache` (
  `key` varchar(255) NOT NULL,
  `value` mediumtext NOT NULL,
  `expiration` int(11) NOT NULL
) ENGINE=InnoDB DEFAULT CHARSET=utf8mb4 COLLATE=utf8mb4_unicode_ci;

-- --------------------------------------------------------

--
-- Struktur dari tabel `cache_locks`
--

CREATE TABLE `cache_locks` (
  `key` varchar(255) NOT NULL,
  `owner` varchar(255) NOT NULL,
  `expiration` int(11) NOT NULL
) ENGINE=InnoDB DEFAULT CHARSET=utf8mb4 COLLATE=utf8mb4_unicode_ci;

-- --------------------------------------------------------

--
-- Struktur dari tabel `categories`
--

CREATE TABLE `categories` (
  `id` bigint(20) UNSIGNED NOT NULL,
  `name` varchar(255) NOT NULL,
  `slug` varchar(255) NOT NULL,
  `description` text DEFAULT NULL,
  `color` varchar(255) NOT NULL DEFAULT 'indigo',
  `created_at` timestamp NULL DEFAULT NULL,
  `updated_at` timestamp NULL DEFAULT NULL
) ENGINE=InnoDB DEFAULT CHARSET=utf8mb4 COLLATE=utf8mb4_unicode_ci;

--
-- Dumping data untuk tabel `categories`
--

INSERT INTO `categories` (`id`, `name`, `slug`, `description`, `color`, `created_at`, `updated_at`) VALUES
(1, 'Rupam', 'rupam', 'Petugas Regu Pengamanan', 'rose', '2026-04-08 05:05:56', '2026-04-08 05:05:56'),
(2, 'P2U', 'p2u', 'Petugas Pintu Utama', 'amber', '2026-04-08 05:05:56', '2026-04-08 05:05:56'),
(3, 'Staff KPLP', 'staff-kplp', 'Kesatuan Pengamanan Lembaga Pemasyarakatan', 'blue', '2026-04-08 05:05:56', '2026-04-08 05:05:56'),
(4, 'CPNS', 'cpns', 'Calon Pegawai Negeri Sipil', 'emerald', '2026-04-08 05:05:56', '2026-04-08 05:05:56'),
(5, 'Bankam', 'bankam', 'Bantuan Keamanan', 'violet', '2026-04-08 05:05:56', '2026-04-08 05:05:56'),
(6, 'Staff Umum', 'staff-umum', 'Bagian Tata Usaha & Urusan Umum', 'slate', '2026-04-08 05:05:56', '2026-04-08 05:05:56');

-- --------------------------------------------------------

--
-- Struktur dari tabel `documents`
--

CREATE TABLE `documents` (
  `id` bigint(20) UNSIGNED NOT NULL,
  `employee_id` bigint(20) UNSIGNED NOT NULL,
  `document_category_id` bigint(20) UNSIGNED NOT NULL,
  `title` varchar(255) NOT NULL,
  `file_path` varchar(255) NOT NULL,
  `status` enum('pending','verified','rejected') NOT NULL DEFAULT 'pending',
  `rejection_reason` text DEFAULT NULL,
  `year` int(11) DEFAULT NULL,
  `verified_at` timestamp NULL DEFAULT NULL,
  `description` text DEFAULT NULL,
  `created_at` timestamp NULL DEFAULT NULL,
  `updated_at` timestamp NULL DEFAULT NULL,
  `is_locked` tinyint(1) NOT NULL DEFAULT 0
) ENGINE=InnoDB DEFAULT CHARSET=utf8mb4 COLLATE=utf8mb4_unicode_ci;

-- --------------------------------------------------------

--
-- Struktur dari tabel `document_categories`
--

CREATE TABLE `document_categories` (
  `id` bigint(20) UNSIGNED NOT NULL,
  `name` varchar(255) NOT NULL,
  `slug` varchar(255) NOT NULL,
  `is_mandatory` tinyint(1) NOT NULL DEFAULT 0,
  `created_at` timestamp NULL DEFAULT NULL,
  `updated_at` timestamp NULL DEFAULT NULL
) ENGINE=InnoDB DEFAULT CHARSET=utf8mb4 COLLATE=utf8mb4_unicode_ci;

--
-- Dumping data untuk tabel `document_categories`
--

INSERT INTO `document_categories` (`id`, `name`, `slug`, `is_mandatory`, `created_at`, `updated_at`) VALUES
(1, 'Slip Gaji', 'slip-gaji', 1, '2026-03-31 22:07:57', '2026-04-02 04:49:26'),
(2, 'SKP', 'skp', 0, '2026-03-31 22:07:57', '2026-03-31 22:07:57'),
(3, 'SK Kenaikan Pangkat', 'sk-kenaikan-pangkat', 1, '2026-03-31 22:07:57', '2026-04-02 04:49:26'),
(4, 'Dokumen Pribadi', 'dokumen-pribadi', 0, '2026-03-31 22:07:57', '2026-03-31 22:07:57');

-- --------------------------------------------------------

--
-- Struktur dari tabel `document_versions`
--

CREATE TABLE `document_versions` (
  `id` bigint(20) UNSIGNED NOT NULL,
  `document_id` bigint(20) UNSIGNED NOT NULL,
  `file_path` varchar(255) NOT NULL,
  `version_number` int(11) NOT NULL,
  `created_at` timestamp NULL DEFAULT NULL,
  `updated_at` timestamp NULL DEFAULT NULL
) ENGINE=InnoDB DEFAULT CHARSET=utf8mb4 COLLATE=utf8mb4_unicode_ci;

-- --------------------------------------------------------

--
-- Struktur dari tabel `employees`
--

CREATE TABLE `employees` (
  `id` bigint(20) UNSIGNED NOT NULL,
  `user_id` bigint(20) UNSIGNED NOT NULL,
  `nip` varchar(255) NOT NULL,
  `nik` varchar(255) DEFAULT NULL,
  `full_name` varchar(255) NOT NULL,
  `phone_number` varchar(255) DEFAULT NULL,
  `position` varchar(255) NOT NULL,
  `rank` varchar(255) DEFAULT NULL,
  `rank_id` bigint(20) UNSIGNED DEFAULT NULL,
  `rank_class` varchar(255) DEFAULT NULL,
  `employee_type` enum('regu_jaga','non_regu_jaga') NOT NULL DEFAULT 'non_regu_jaga',
  `picket_regu` varchar(255) DEFAULT NULL,
  `role_in_squad` varchar(255) DEFAULT NULL,
  `photo` longtext DEFAULT NULL,
  `created_at` timestamp NULL DEFAULT NULL,
  `updated_at` timestamp NULL DEFAULT NULL,
  `position_id` bigint(20) UNSIGNED DEFAULT NULL,
  `work_unit_id` bigint(20) UNSIGNED DEFAULT NULL,
  `squad_id` bigint(20) UNSIGNED DEFAULT NULL,
  `category_id` bigint(20) UNSIGNED DEFAULT NULL,
  `tunkin_id` bigint(20) UNSIGNED DEFAULT NULL
) ENGINE=InnoDB DEFAULT CHARSET=utf8mb4 COLLATE=utf8mb4_unicode_ci;

--
-- Dumping data untuk tabel `employees`
--

INSERT INTO `employees` (`id`, `user_id`, `nip`, `nik`, `full_name`, `phone_number`, `position`, `rank`, `rank_id`, `rank_class`, `employee_type`, `picket_regu`, `role_in_squad`, `photo`, `created_at`, `updated_at`, `position_id`, `work_unit_id`, `squad_id`, `category_id`, `tunkin_id`) VALUES
(107, 1, 'ADMIN-1', NULL, 'Super Admin', NULL, 'Analis Kepegawaian', NULL, NULL, NULL, 'non_regu_jaga', NULL, NULL, NULL, '2026-04-01 06:39:17', '2026-04-03 08:01:21', 5, 1, NULL, NULL, NULL),
(217, 117, '198906082014021002', '3517060806890003', 'ABDUL KHAFIDZ', '3517060806890003', 'PENGELOLA BARANG MILIK NEGARA', NULL, 10, 'III/b', 'non_regu_jaga', NULL, NULL, NULL, '2026-04-06 23:35:57', '2026-04-24 04:04:33', 19, 6, NULL, NULL, 12),
(218, 118, '199104012024211002', '3314020104910001', 'ABDURAHMAN BAHARUDIN WAHID', '3314020104910001', 'DOKTER PERTAMA', NULL, 10, 'III/B', 'non_regu_jaga', NULL, NULL, NULL, '2026-04-06 23:35:58', '2026-04-07 22:13:08', 26, 6, NULL, NULL, NULL),
(219, 119, '199909192022031002', '3517011909990006', 'ABROR WIJAYANTO', '3517011909990006', 'PETUGAS/ANGGOTA JAGA', NULL, 12, 'II/b', 'regu_jaga', NULL, NULL, NULL, '2026-04-06 23:35:58', '2026-04-24 05:35:23', 7, 6, 136, NULL, 13),
(220, 120, '199611142017121005', '3517091411960006', 'ACHMAD AGUNG NOVIANTO', '3517091411960006', 'PETUGAS/ANGGOTA JAGA', NULL, 13, 'II/c', 'regu_jaga', NULL, 'KOMANDAN', NULL, '2026-04-06 23:35:59', '2026-04-24 04:04:33', 7, 6, 133, NULL, 13),
(221, 121, '199403182017121006', '3504031803940003', 'ADE IRWANSAH', '3504031803940003', 'PETUGAS/ANGGOTA JAGA', NULL, 13, 'II/c', 'regu_jaga', NULL, NULL, NULL, '2026-04-06 23:35:59', '2026-04-24 05:33:06', 7, 6, 131, NULL, 13),
(222, 122, '200103132022031001', '3518171303010003', 'ADITYA FATHURROZIQIIN', '3518171303010003', 'PETUGAS/ANGGOTA JAGA', NULL, 12, 'II/b', 'regu_jaga', NULL, NULL, NULL, '2026-04-06 23:36:00', '2026-04-24 04:04:33', 7, 6, NULL, NULL, 13),
(223, 123, '198903232012121005', '3517102303890005', 'AFIF EKO SUHARIYANTO', '3517102303890005', 'KEPALA SUBBAGIAN TATA USAHA', NULL, 10, 'III/b', 'non_regu_jaga', NULL, NULL, NULL, '2026-04-06 23:36:01', '2026-04-24 04:04:33', 13, 6, NULL, NULL, 9),
(224, 124, '199601112017121001', '3518061101960004', 'AGUNG RIDHO NUGROHO', '3518061101960004', 'PETUGAS/ANGGOTA JAGA', NULL, 13, 'II/c', 'regu_jaga', NULL, NULL, NULL, '2026-04-06 23:36:01', '2026-04-24 05:33:06', 7, 6, 131, NULL, 13),
(225, 125, '200106142022031001', '3516181406010003', 'AHMAD MUL TAZAM GALIH UBAIDAH', '3516181406010003', 'PETUGAS/ANGGOTA JAGA', NULL, 12, 'II/b', 'regu_jaga', NULL, NULL, NULL, '2026-04-06 23:36:02', '2026-04-24 04:04:33', 7, 6, NULL, NULL, 13),
(226, 126, '199404192012121001', '3506101904940001', 'AINUR ROZIQ', '3506101904940001', 'BENDAHARA PENERIMAAN SATUAN KERJA', NULL, 10, 'III/b', 'non_regu_jaga', NULL, NULL, NULL, '2026-04-06 23:36:02', '2026-04-24 05:33:40', 15, 6, 133, NULL, 11),
(227, 127, '200407022025062003', '3518144207040001', 'ALDORA AUDRY JULIETIKA ROSE', '3518144207040001', 'PENJAGA TAHANAN', NULL, 14, 'II/a', 'regu_jaga', NULL, NULL, NULL, '2026-04-06 23:36:03', '2026-04-24 04:04:33', 11, 6, NULL, NULL, 13),
(228, 128, '199801262018031001', '3572032601980001', 'ALFIYAN PUTRA RAMADHAN', '3572032601980001', 'PETUGAS/ANGGOTA JAGA', NULL, 13, 'II/c', 'regu_jaga', NULL, NULL, NULL, '2026-04-06 23:36:03', '2026-04-24 05:24:53', 7, 6, 129, NULL, 13),
(229, 129, '200107282022031001', '3517102807010001', 'ALIEF GUNAWAN', '3517102807010001', 'PETUGAS/ANGGOTA JAGA', NULL, 12, 'II/b', 'regu_jaga', NULL, NULL, NULL, '2026-04-06 23:36:04', '2026-04-24 04:04:33', 7, 6, NULL, NULL, 13),
(230, 130, '200301242022031001', '3516132401030001', 'ALWAN AISY SAFRADJI', '3516132401030001', 'PENGADMINISTRASI UMUM', NULL, 12, 'II/b', 'non_regu_jaga', NULL, NULL, NULL, '2026-04-06 23:36:04', '2026-04-24 04:04:33', 18, 6, NULL, NULL, 13),
(231, 131, '199903022020122001', '3517084203990003', 'ANNISA WULANDARI', '3517084203990003', 'PETUGAS/ANGGOTA JAGA', NULL, 12, 'II/b', 'regu_jaga', NULL, NULL, NULL, '2026-04-06 23:36:05', '2026-04-24 04:04:33', 7, 6, NULL, NULL, 13),
(232, 132, '199905202025061019', '3521092005990001', 'ARDHAN AR RASYID', '3521092005990001', 'PENJAGA TAHANAN', NULL, 14, 'II/a', 'regu_jaga', NULL, NULL, NULL, '2026-04-06 23:36:05', '2026-04-24 04:04:33', 11, 6, NULL, NULL, 13),
(233, 133, '199907072017121003', '3517040707990003', 'BAHRUR ROZIKIN', '3517040707990003', 'PETUGAS/ANGGOTA JAGA', NULL, 15, 'III/a', 'regu_jaga', NULL, NULL, NULL, '2026-04-06 23:36:08', '2026-04-24 05:24:53', 7, 6, 129, NULL, 13),
(234, 134, '197611052001121001', '3576010511760005', 'BAMBANG YATMONO', '3576010511760005', 'PETUGAS/ANGGOTA JAGA', NULL, 10, 'III/b', 'regu_jaga', NULL, 'KARUPAM', NULL, '2026-04-06 23:36:10', '2026-04-24 04:04:33', 7, 6, 130, NULL, 13),
(235, 135, '198101232001121001', '3517082301810004', 'BUDI MULYONO', '3517082301810004', 'KEPALA SUBSEKSI KEGIATAN KERJA', NULL, 16, 'III/d', 'non_regu_jaga', NULL, NULL, NULL, '2026-04-06 23:36:10', '2026-04-24 04:04:33', 31, 6, NULL, NULL, 10),
(236, 136, '199406132017122001', '3503115306940001', 'CHILCEN KILAT SOANG', '3503115306940001', 'PETUGAS/ANGGOTA JAGA', NULL, 15, 'III/a', 'regu_jaga', NULL, NULL, NULL, '2026-04-06 23:36:11', '2026-04-24 04:04:33', 7, 6, NULL, NULL, 13),
(237, 137, '199009072017121001', '3572020709900001', 'CIPTA PERDANA WIJAYA', '3572020709900001', 'PERAWAT PERTAMA', NULL, 10, 'III/b', 'non_regu_jaga', NULL, NULL, NULL, '2026-04-06 23:36:11', '2026-04-24 04:04:33', 27, 6, NULL, NULL, 10),
(238, 138, '200502162025062003', '3511085602050001', 'CITRA NARA SUPRIYONO PUTRI', '3511085602050001', 'PENJAGA TAHANAN', NULL, 14, 'II/a', 'regu_jaga', NULL, NULL, NULL, '2026-04-06 23:36:12', '2026-04-24 04:04:33', 11, 6, NULL, NULL, 13),
(239, 139, '198404102007031001', '3517091004840006', 'DANANG PANDU WINOTO', '3517091004840006', 'KEPALA URUSAN KEPEGAWAIAN DAN KEUANGAN', NULL, 16, 'III/d', 'non_regu_jaga', NULL, NULL, NULL, '2026-04-06 23:36:12', '2026-04-24 04:04:33', 14, 6, NULL, NULL, 10),
(240, 140, '198908102017121002', '3518071008890011', 'DECKY MUHAROM RADITYA', '3518071008890011', 'PENGELOLA DAN PENGOLAH MAKANAN', NULL, 15, 'III/a', 'non_regu_jaga', NULL, NULL, NULL, '2026-04-06 23:36:13', '2026-04-24 04:04:33', 25, 6, NULL, NULL, 13),
(241, 141, '199406222017122002', '3515066206940001', 'DEVI ASDAH ARIVIANTI', '3515066206940001', 'PETUGAS/ANGGOTA JAGA', NULL, 15, 'III/a', 'regu_jaga', NULL, NULL, NULL, '2026-04-06 23:36:13', '2026-04-24 04:04:33', 7, 6, NULL, NULL, 13),
(242, 142, '200109102022031001', '3518111009010001', 'DHAVID ARDHA WINATA', '3518111009010001', 'PETUGAS/ANGGOTA JAGA', NULL, 12, 'II/b', 'regu_jaga', NULL, NULL, NULL, '2026-04-06 23:36:14', '2026-04-24 05:33:06', 7, 6, 131, NULL, 13),
(243, 143, '199102252017121007', '3517022502910001', 'DIAN PEBRIANTO', '3517022502910001', 'PETUGAS/ANGGOTA JAGA', NULL, 13, 'II/c', 'regu_jaga', NULL, NULL, NULL, '2026-04-06 23:36:15', '2026-04-24 05:31:44', 7, 6, 130, NULL, 13),
(244, 144, '199703122017121003', '3518111203970001', 'DIRA MERGI ROMANSYAH', '3518111203970001', 'PETUGAS/ANGGOTA JAGA', NULL, 12, 'II/b', 'regu_jaga', NULL, NULL, NULL, '2026-04-06 23:36:15', '2026-04-24 05:23:22', 7, 6, 128, NULL, 13),
(245, 145, '198508032007031001', '3517090308850003', 'DONNY WARDHANA', '3517090308850003', 'PENGOLAH DATA KESEHATAN', NULL, 10, 'III/b', 'non_regu_jaga', NULL, NULL, NULL, '2026-04-06 23:36:16', '2026-04-24 04:04:33', 28, 6, NULL, NULL, 12),
(246, 146, '199604252017121005', '3517092504960002', 'DWI HANIS EFENDI', '3517092504960002', 'PETUGAS/ANGGOTA JAGA', NULL, 13, 'II/c', 'regu_jaga', NULL, 'KOMANDAN', NULL, '2026-04-06 23:36:16', '2026-04-24 04:04:33', 7, 6, 136, NULL, 13),
(247, 147, '198011022002121001', '3517110211600005', 'EDY HARIADY', '3517110211600005', 'KEPALA SUBSEKSI KEAMANAN', NULL, 10, 'III/b', 'non_regu_jaga', NULL, NULL, NULL, '2026-04-06 23:36:17', '2026-04-24 04:04:33', 34, 6, NULL, NULL, 10),
(248, 148, '196810081992032001', '3517164810680003', 'EKA IRIANTI DRAMAS TUTIK', '3517164810680003', 'PENGOLAH DATA LAPORAN PEMELIHARAAN PERLENGKAPAN', NULL, 10, 'III/b', 'non_regu_jaga', NULL, NULL, NULL, '2026-04-06 23:36:17', '2026-04-24 04:04:33', 33, 6, NULL, NULL, 13),
(249, 149, '197804101998032001', '3517095004780010', 'EKA MULYANINGSIH', '3517095004780010', 'PENELAAH STATUS WARGA BINAAN PEMASYARAKATAN', NULL, 16, 'III/d', 'non_regu_jaga', NULL, NULL, NULL, '2026-04-06 23:36:17', '2026-04-24 04:04:33', 24, 6, NULL, NULL, 11),
(250, 150, '198508142007031001', '3517091408850008', 'EKO PURNOMO ADI', '3517091408850008', 'PENGELOLA DAN PENGOLAH MAKANAN', NULL, 10, 'III/b', 'non_regu_jaga', NULL, NULL, NULL, '2026-04-06 23:36:18', '2026-04-24 04:04:33', 25, 6, NULL, NULL, 13),
(251, 151, '199505182017121003', '3517081805950003', 'ERIS PRAHANDIKA PUTRA', '3517081805950003', 'PETUGAS/ANGGOTA JAGA', NULL, 13, 'II/c', 'regu_jaga', NULL, NULL, NULL, '2026-04-06 23:36:18', '2026-04-24 05:23:22', 7, 6, 128, NULL, 13),
(252, 152, '199309272022031001', '3526132709930002', 'FAISHAL SEPTIAN PERMANA', '3526132709930002', 'PENJAGA TAHANAN', NULL, 12, 'II/b', 'regu_jaga', NULL, NULL, NULL, '2026-04-06 23:36:19', '2026-04-24 04:04:33', 11, 6, NULL, NULL, 13),
(253, 153, '199506192022031001', '3571011906950002', 'GIGIH PUTRAZTA GEGAR PRATAMA', '3571011906950002', 'PETUGAS/ANGGOTA JAGA', NULL, 12, 'II/b', 'regu_jaga', NULL, NULL, NULL, '2026-04-06 23:36:20', '2026-04-24 05:23:22', 7, 6, 128, NULL, 13),
(254, 154, '199806162022011001', '3576021606980003', 'GUSTIANSYAH SURYA WAHYU PAMUNGKAS, S.Tr.Pas', '3576021606980003', 'KEPALA SUBSEKSI REGISTRASI DAN BIMBINGAN KEMASYARAKATAN', NULL, 10, 'III/b', 'non_regu_jaga', NULL, NULL, NULL, '2026-04-06 23:36:20', '2026-04-24 04:04:33', 23, 6, NULL, NULL, 10),
(255, 155, '199007042017121002', '3502160407900001', 'HAMDAN WIDANARTO', '3502160407900001', 'PENGADMINISTRASI LAYANAN KUNJUNGAN', NULL, 13, 'II/c', 'non_regu_jaga', NULL, NULL, NULL, '2026-04-06 23:36:21', '2026-04-24 04:04:33', 22, 6, NULL, NULL, 13),
(256, 156, '199407152017121005', '3578101507940001', 'HENDRA MARTONO', '3578101507940001', 'PETUGAS/ANGGOTA JAGA', NULL, 15, 'III/a', 'regu_jaga', NULL, NULL, NULL, '2026-04-06 23:36:21', '2026-04-24 05:31:44', 7, 6, 130, NULL, 13),
(257, 157, '198107292002121001', '3512072907810004', 'HENDRI KURNIAWAN', '3512072907810004', 'KEPALA SEKSI ADMINISTRASI KEAMANAN DAN TATA TERTIB', NULL, 16, 'III/d', 'non_regu_jaga', NULL, NULL, NULL, '2026-04-06 23:36:22', '2026-04-24 04:04:33', 32, 6, NULL, NULL, 9),
(258, 158, '200002252022031001', '3523152502000002', 'HENGKY SETYAWAN', '3523152502000002', 'PETUGAS/ANGGOTA JAGA', NULL, 12, 'II/b', 'regu_jaga', NULL, NULL, NULL, '2026-04-06 23:36:22', '2026-04-24 05:31:44', 7, 6, 130, NULL, 13),
(259, 159, '198605032007031001', '3517090305860004', 'HERI SUSANTO', '3517090305860004', 'PENGOLAH DATA LAPORAN PEMELIHARAAN PERLENGKAPAN', NULL, 15, 'III/a', 'non_regu_jaga', NULL, NULL, NULL, '2026-04-06 23:36:23', '2026-04-24 04:04:33', 33, 6, NULL, NULL, 13),
(260, 160, '199911152022031001', '3522211511990003', 'HERU SUTIONO', '3522211511990003', 'PETUGAS/ANGGOTA JAGA', NULL, 12, 'II/b', 'regu_jaga', NULL, NULL, NULL, '2026-04-06 23:36:23', '2026-04-24 05:33:06', 7, 6, 131, NULL, 13),
(261, 161, '200109092022031001', '3518040909010001', 'HILBRAM BAYU SEPTIADI', '3518040909010001', 'PETUGAS/ANGGOTA JAGA', NULL, 12, 'II/b', 'regu_jaga', NULL, NULL, NULL, '2026-04-06 23:36:23', '2026-04-24 04:04:33', 7, 6, NULL, NULL, 13),
(262, 162, '199808242020121001', '3517052408980002', 'IMAM ANDI SAHPUTRA', '3517052408980002', 'PETUGAS/ANGGOTA JAGA', NULL, 12, 'II/b', 'regu_jaga', NULL, NULL, NULL, '2026-04-06 23:36:24', '2026-04-24 05:34:02', 7, 6, 134, NULL, 13),
(263, 163, '199411272014021001', '3521092711940001', 'IRSYAD TAUFAN SAGITA', '3521092711940001', 'PETUGAS/ANGGOTA JAGA', NULL, 10, 'III/b', 'regu_jaga', NULL, NULL, NULL, '2026-04-06 23:36:24', '2026-04-24 04:04:33', 7, 6, NULL, NULL, 13),
(264, 164, '200211012025061008', '3519020111020001', 'JHORGI DANOVAN ERITAMA', '3519020111020001', 'PENJAGA TAHANAN', NULL, 14, 'II/a', 'regu_jaga', NULL, NULL, NULL, '2026-04-06 23:36:25', '2026-04-24 04:04:33', 11, 6, NULL, NULL, 13),
(265, 165, '200411302025062003', '3517097011040004', 'JIHAN SALSA BILLAH', '3517097011040004', 'PENJAGA TAHANAN', NULL, 14, 'II/a', 'regu_jaga', NULL, NULL, NULL, '2026-04-06 23:36:25', '2026-04-24 04:04:33', 11, 6, NULL, NULL, 13),
(266, 166, '198707022007031001', '3517110207870002', 'JULI CANDRA IRAWAN', '3517110207870002', 'PETUGAS/ANGGOTA JAGA', NULL, 15, 'III/a', 'regu_jaga', NULL, NULL, NULL, '2026-04-06 23:36:26', '2026-04-24 04:04:33', 7, 6, NULL, NULL, 12),
(267, 167, '199702052017121002', '3576010502970001', 'KHOIRUDIN', '3576010502970001', 'PETUGAS/ANGGOTA JAGA', NULL, 13, 'II/c', 'regu_jaga', NULL, NULL, NULL, '2026-04-06 23:36:27', '2026-04-24 05:24:53', 7, 6, 129, NULL, 13),
(268, 168, '200107102022031001', '3523101007010001', 'KHOIRUL ANAM', '3523101007010001', 'PETUGAS/ANGGOTA JAGA', NULL, 12, 'II/b', 'regu_jaga', NULL, NULL, NULL, '2026-04-06 23:36:27', '2026-04-24 05:34:22', 7, 6, 135, NULL, 13),
(269, 169, '198405022005012001', '5171014205840008', 'LATIFA ISNA DAMAYANTI', '5171014205840008', 'KEPALA URUSAN UMUM', NULL, 16, 'III/d', 'non_regu_jaga', NULL, NULL, NULL, '2026-04-06 23:36:28', '2026-04-24 04:04:33', 20, 6, NULL, NULL, 10),
(270, 170, '199403052017121005', '3503110503940002', 'LUDFI TEGAR RAMADHAN', '3503110503940002', 'BENDAHARA PENGELUARAN SATUAN KERJA', NULL, 15, 'III/a', 'non_regu_jaga', NULL, NULL, NULL, '2026-04-06 23:36:28', '2026-04-24 04:04:33', 17, 6, NULL, NULL, 11),
(271, 171, '199902282017121002', '3576012802990001', 'LUTFI NUR FATONI', '3576012802990001', 'PETUGAS/ANGGOTA JAGA', NULL, 15, 'III/a', 'regu_jaga', NULL, NULL, NULL, '2026-04-06 23:36:29', '2026-04-24 05:33:06', 7, 6, 131, NULL, 13),
(272, 172, '200008312025061005', '3506043108000002', 'M. FAZA ASLIQUN NIAM', '3506043108000002', 'PENJAGA TAHANAN', NULL, 14, 'II/a', 'regu_jaga', NULL, NULL, NULL, '2026-04-06 23:36:29', '2026-04-24 04:04:33', 11, 6, NULL, NULL, 13),
(273, 173, '199608182017121005', '3521051808960003', 'M. TAUFIQ AKBAR SUDARTO', '3521051808960003', 'PENGADMINISTRASI LAYANAN KUNJUNGAN', NULL, 15, 'III/a', 'non_regu_jaga', NULL, NULL, NULL, '2026-04-06 23:36:30', '2026-04-24 04:04:33', 22, 6, NULL, NULL, 13),
(274, 174, '200305132025062002', '3525065305030004', 'MAYA A\'IDA FAUZIYAH', '3525065305030004', 'PENJAGA TAHANAN', NULL, 14, 'II/a', 'regu_jaga', NULL, NULL, NULL, '2026-04-06 23:36:30', '2026-04-24 04:04:33', 11, 6, NULL, NULL, 13),
(275, 175, '199903082020121002', '3518090803990003', 'MIFTAQUL RISKI MAULANA', '3518090803990003', 'PETUGAS/ANGGOTA JAGA', NULL, 12, 'II/b', 'regu_jaga', NULL, NULL, NULL, '2026-04-06 23:36:30', '2026-04-24 05:35:23', 7, 6, 136, NULL, 13),
(276, 176, '199106192016081001', '3517091906910009', 'MOCHAMAD ARIEF KAFANIE', '3517091906910009', 'KEPALA KESATUAN PENGAMANAN LAPAS', NULL, 10, 'III/b', 'regu_jaga', NULL, NULL, NULL, '2026-04-06 23:36:31', '2026-04-24 04:04:33', 12, 6, NULL, NULL, 9),
(277, 177, '200303062025061001', '3572030603030003', 'MOCHAMAD ARSYAD NURFAWWAZA', '3572030603030003', 'PENJAGA TAHANAN', NULL, 14, 'II/a', 'regu_jaga', NULL, NULL, NULL, '2026-04-06 23:36:32', '2026-04-24 04:04:33', 11, 6, NULL, NULL, 13),
(278, 178, '197107151992031002', '3517091507710004', 'MOCHAMAD MACHMUDA HARIS', '3517091507710004', 'KEPALA SUBSEKSI PERAWATAN NARAPIDANA/ANAK DIDIK', NULL, 16, 'III/d', 'non_regu_jaga', NULL, NULL, NULL, '2026-04-06 23:36:32', '2026-04-24 04:04:33', 29, 6, NULL, NULL, 10),
(279, 179, '200511282025061001', '3506112811050002', 'MOHAMAD ABDUL HAKIM', '3506112811050002', 'PENJAGA TAHANAN', NULL, 14, 'II/a', 'regu_jaga', NULL, NULL, NULL, '2026-04-06 23:36:33', '2026-04-24 04:04:33', 11, 6, NULL, NULL, 13),
(280, 180, '200105102022031001', '3517041005010001', 'MOHAMAD RANGGANATA', '3517041005010001', 'PENGADMINISTRASI UMUM', NULL, 12, 'II/b', 'non_regu_jaga', NULL, NULL, NULL, '2026-04-06 23:36:33', '2026-04-24 04:04:33', 18, 6, NULL, NULL, 13),
(281, 181, '199101242012121001', '3517092401910004', 'MOHAMMAD AZWAR ROSYADI', '3517092401910004', 'PENGELOLA HASIL KERJA', NULL, 10, 'III/b', 'non_regu_jaga', NULL, NULL, NULL, '2026-04-06 23:36:34', '2026-04-24 04:04:33', 30, 6, NULL, NULL, 12),
(282, 182, '199010172017121002', '3517131710900001', 'MOHAMMAD IRFANSYAH', '3517131710900001', 'PETUGAS/ANGGOTA JAGA', NULL, 13, 'II/c', 'regu_jaga', NULL, NULL, NULL, '2026-04-06 23:36:34', '2026-04-24 05:34:02', 7, 6, 134, NULL, 13),
(283, 183, '200201092022031002', '3518130901020001', 'MUHAMAD FIKRAM SETIAWAN', '3518130901020001', 'PETUGAS/ANGGOTA JAGA', NULL, 12, 'II/b', 'regu_jaga', NULL, NULL, NULL, '2026-04-06 23:36:35', '2026-04-24 05:24:53', 7, 6, 129, NULL, 13),
(284, 184, '199902142024041001', '3509021402990002', 'MUHAMMAD AINUN NADHIF', '3509021402990002', 'PETUGAS/ANGGOTA JAGA', NULL, 14, 'II/a', 'regu_jaga', NULL, NULL, NULL, '2026-04-06 23:36:35', '2026-04-24 05:33:40', 7, 6, 133, NULL, 13),
(285, 185, '199509172017121001', '3518051709950005', 'MUHAMMAD CHOIRUL ANAM', '3518051709950005', 'PETUGAS/ANGGOTA JAGA', NULL, 12, 'II/b', 'regu_jaga', NULL, 'KOMANDAN', NULL, '2026-04-06 23:36:36', '2026-04-24 04:04:33', 7, 6, 134, NULL, 13),
(286, 186, '200304032024041001', '3519090304030004', 'MUHAMMAD RESTU HIDAYAH', '3519090304030004', 'PENJAGA TAHANAN', NULL, 14, 'II/a', 'regu_jaga', NULL, NULL, NULL, '2026-04-06 23:36:36', '2026-04-24 05:31:44', 11, 6, 130, NULL, 13),
(287, 187, '196905141990031001', '3517091405690004', 'MUKHAMAD IKSAN', '3517091405690004', 'PETUGAS/ANGGOTA JAGA', NULL, 16, 'III/d', 'regu_jaga', NULL, NULL, NULL, '2026-04-06 23:36:36', '2026-04-24 04:04:33', 7, 6, NULL, NULL, 13),
(288, 188, '199103062017122001', '3518054603910005', 'MUTIA REZA HAFIZIDIN', '3518054603910005', 'PETUGAS/ANGGOTA JAGA', NULL, 15, 'III/a', 'regu_jaga', NULL, NULL, NULL, '2026-04-06 23:36:37', '2026-04-24 04:04:33', 7, 6, NULL, NULL, 13),
(289, 189, '200006182024021001', '3503131806000002', 'NABILLA AYATURROHMAN', '3503131806000002', 'PEMBINA KEAMANAN PEMASYARAKATAN AHLI PERTAMA', NULL, 15, 'III/a', 'non_regu_jaga', NULL, NULL, NULL, '2026-04-06 23:36:38', '2026-04-24 04:04:33', 8, 6, NULL, NULL, 10),
(290, 190, '198011172000031001', '3515071711800005', 'NOVIANTORO KUNTHO WIBISONO', '3515071711800005', 'PENGOLAH DATA LAPORAN PEMELIHARAAN PERLENGKAPAN', NULL, 16, 'III/d', 'non_regu_jaga', NULL, NULL, NULL, '2026-04-06 23:36:38', '2026-04-24 04:04:33', 33, 6, NULL, NULL, 13),
(291, 191, '199311032017121002', '3518060311930003', 'NOVY BAGUS KUSDYANTORO', '3518060311930003', 'PETUGAS/ANGGOTA JAGA', NULL, 13, 'II/c', 'regu_jaga', NULL, NULL, NULL, '2026-04-06 23:36:39', '2026-04-24 05:23:22', 7, 6, 128, NULL, 13),
(292, 192, '200407142025061001', '3517041407040001', 'PUJI WICAKSONO', '3517041407040001', 'PENJAGA TAHANAN', NULL, 14, 'II/a', 'regu_jaga', NULL, NULL, NULL, '2026-04-06 23:36:39', '2026-04-24 04:04:33', 11, 6, NULL, NULL, 13),
(293, 193, '199604242020121001', '3506102404960003', 'QURRATA AYUN AMINU', '3506102404960003', 'PETUGAS/ANGGOTA JAGA', NULL, 12, 'II/b', 'regu_jaga', NULL, NULL, NULL, '2026-04-06 23:36:40', '2026-04-24 05:23:22', 7, 6, 128, NULL, 13),
(294, 194, '200207072022031002', '3517040707020001', 'RADITYA ALDHY PRADANA', '3517040707020001', 'PETUGAS/ANGGOTA JAGA', NULL, 12, 'II/b', 'regu_jaga', NULL, NULL, NULL, '2026-04-06 23:36:40', '2026-04-24 05:33:06', 7, 6, 131, NULL, 13),
(295, 195, '198403052006042001', '3205034503840006', 'RD EPA FATIMAH', '3205034503840006', 'KEPALA SEKSI BIMBINGAN NARAPIDANA/ANAK DIDIK DAN KEGIATAN KERJA', NULL, 17, 'III/c', 'non_regu_jaga', NULL, NULL, NULL, '2026-04-06 23:36:41', '2026-04-24 04:04:33', 21, 6, NULL, NULL, 9),
(296, 196, '199912282022031002', '3517112812990004', 'REZA WIDYADANA', '3517112812990004', 'PETUGAS/ANGGOTA JAGA', NULL, 12, 'II/b', 'regu_jaga', NULL, NULL, NULL, '2026-04-06 23:36:42', '2026-04-24 05:23:22', 7, 6, 128, NULL, 13),
(297, 197, '199703242017121007', '3506162403970001', 'REZKI DHARMAWAN', '3506162403970001', 'PETUGAS/ANGGOTA JAGA', NULL, 13, 'II/c', 'regu_jaga', NULL, NULL, NULL, '2026-04-06 23:36:42', '2026-04-24 05:33:06', 7, 6, 131, NULL, 13),
(298, 198, '199608162017121002', '3506151608960003', 'RIKY AGUS PRABOWO', '3506151608960003', 'PETUGAS/ANGGOTA JAGA', NULL, 15, 'III/a', 'regu_jaga', NULL, NULL, NULL, '2026-04-06 23:36:43', '2026-04-24 04:04:33', 7, 6, NULL, NULL, 13),
(299, 199, '199110242017121004', '3504022410910001', 'RINDO SAKA PERDANA', '3504022410910001', 'PETUGAS/ANGGOTA JAGA', NULL, 13, 'II/c', 'regu_jaga', NULL, NULL, NULL, '2026-04-06 23:36:43', '2026-04-24 05:23:22', 7, 6, 128, NULL, 13),
(300, 200, '197507311998031002', '3671053107750003', 'RINO SOLEH SUMITRO', '3671053107750003', 'KEPALA LEMBAGA PEMASYARAKATAN', NULL, 18, 'IV/a', 'non_regu_jaga', NULL, NULL, NULL, '2026-04-06 23:36:44', '2026-04-24 04:04:33', 10, 6, NULL, NULL, 6),
(301, 201, '200204152022031002', '3524201504020002', 'RISKY ARIL ALAMSYAH', '3524201504020002', 'PETUGAS/ANGGOTA JAGA', NULL, 12, 'II/b', 'regu_jaga', NULL, NULL, NULL, '2026-04-06 23:36:45', '2026-04-24 05:31:44', 7, 6, 130, NULL, 13),
(302, 202, '200101172025061007', '3521121701010003', 'RIZAL HIDAYATULLOH', '3521121701010003', 'PENJAGA TAHANAN', NULL, 14, 'II/a', 'regu_jaga', NULL, NULL, NULL, '2026-04-06 23:36:45', '2026-04-24 04:04:33', 11, 6, NULL, NULL, 13),
(303, 203, '199904192017121007', '3521101904990006', 'RIZAL PRANTAMA DIMAS SAPUTRA', '3521101904990006', 'PETUGAS/ANGGOTA JAGA', NULL, 15, 'III/a', 'regu_jaga', NULL, NULL, NULL, '2026-04-06 23:36:46', '2026-04-24 04:04:33', 7, 6, NULL, NULL, 13),
(304, 204, '199711052017121004', '3517020511970005', 'RIZKI RAHMAT DANIARTO', '3517020511970005', 'PETUGAS/ANGGOTA JAGA', NULL, 15, 'III/a', 'regu_jaga', NULL, NULL, NULL, '2026-04-06 23:36:46', '2026-04-24 05:31:44', 7, 6, 130, NULL, 13),
(305, 205, '196804111992032001', '3517095104680002', 'ROSIANA NURITASARI', '3517095104680002', 'PETUGAS/ANGGOTA JAGA', NULL, 17, 'III/c', 'regu_jaga', NULL, NULL, NULL, '2026-04-06 23:36:46', '2026-04-24 04:04:33', 7, 6, NULL, NULL, 13),
(306, 206, '199407062022031001', '3522140607940001', 'RUSLAN ALI KESWANTO', '3522140607940001', 'PETUGAS/ANGGOTA JAGA', NULL, 12, 'II/b', 'regu_jaga', NULL, NULL, NULL, '2026-04-06 23:36:47', '2026-04-24 05:34:22', 7, 6, 135, NULL, 13),
(307, 207, '196902171994031001', '3517141702690002', 'SAMUD', '3517141702690002', 'KEPALA SUBSEKSI PELAPORAN DAN TATA TERTIB', NULL, 16, 'III/d', 'non_regu_jaga', NULL, NULL, NULL, '2026-04-06 23:36:47', '2026-04-24 04:04:33', 35, 6, NULL, NULL, 10),
(308, 208, '199103012014021002', '3521080103910002', 'SRIANTO', '3521080103910002', 'KOMANDAN JAGA PEMASYARAKATAN/KEIMIGRASIAN', NULL, 10, 'III/b', 'regu_jaga', NULL, 'KARUPAM', NULL, '2026-04-06 23:36:48', '2026-04-24 04:04:33', 9, 6, 129, NULL, 12),
(309, 209, '197910062007031001', '3517090610790001', 'SULISTYO HARTADI', '3517090610790001', 'PETUGAS/ANGGOTA JAGA', NULL, 15, 'III/a', 'regu_jaga', NULL, NULL, NULL, '2026-04-06 23:36:48', '2026-04-24 04:04:33', 7, 6, NULL, NULL, 13),
(310, 210, '196811231992032001', '3517096311680001', 'SUMIATUN', '3517096311680001', 'PETUGAS/ANGGOTA JAGA', NULL, 16, 'III/d', 'regu_jaga', NULL, NULL, NULL, '2026-04-06 23:36:49', '2026-04-24 04:04:33', 7, 6, NULL, NULL, 13),
(311, 211, '198409142007031002', '9103011409840002', 'SUPRIYANTO', '9103011409840002', 'KOMANDAN JAGA PEMASYARAKATAN/KEIMIGRASIAN', NULL, 10, 'III/b', 'regu_jaga', NULL, 'KARUPAM', NULL, '2026-04-06 23:36:49', '2026-04-24 04:04:33', 9, 6, 131, NULL, 12),
(312, 212, '199908282019011002', '3517162808990001', 'SYAHRUL HANAFI', '3517162808990001', 'PETUGAS/ANGGOTA JAGA', NULL, 12, 'II/b', 'regu_jaga', NULL, NULL, NULL, '2026-04-06 23:36:50', '2026-04-24 05:24:53', 7, 6, 129, NULL, 13),
(313, 213, '200210272022031002', '3516102710020003', 'SYAHRUL SYABANA', '3516102710020003', 'PETUGAS/ANGGOTA JAGA', NULL, 12, 'II/b', 'regu_jaga', NULL, NULL, NULL, '2026-04-06 23:36:50', '2026-04-24 05:24:53', 7, 6, 129, NULL, 13),
(314, 214, '198711032007031001', '3517090311870002', 'SYAIFUL FUADI', '3517090311870002', 'PENGELOLA DATA KEPEGAWAIAN', NULL, 15, 'III/a', 'non_regu_jaga', NULL, NULL, NULL, '2026-04-06 23:36:51', '2026-04-24 04:04:33', 16, 6, NULL, NULL, 12),
(315, 215, '196809281994031001', '3517212809680001', 'SYAMSUL ANWAR', '3517212809680001', 'PETUGAS/ANGGOTA JAGA', NULL, 10, 'III/b', 'regu_jaga', NULL, NULL, NULL, '2026-04-06 23:36:51', '2026-04-24 04:04:33', 7, 6, NULL, NULL, 13),
(316, 216, '199502092017121002', '3506170902950003', 'TATAG DONI SYAHPUTRA', '3506170902950003', 'PETUGAS/ANGGOTA JAGA', NULL, 13, 'II/c', 'regu_jaga', NULL, NULL, NULL, '2026-04-06 23:36:52', '2026-04-24 05:31:44', 7, 6, 130, NULL, 13),
(317, 217, '198102112010121002', '3517091102810008', 'TAUFIK NUR WIBOWO', '3517091102810008', 'PETUGAS/ANGGOTA JAGA', NULL, 17, 'III/c', 'regu_jaga', NULL, 'KOMANDAN', NULL, '2026-04-06 23:36:53', '2026-04-24 04:04:33', 7, 6, 135, NULL, 13),
(318, 218, '197108111994121001', '3517091108710008', 'THOMAS JOHANNES HATUSUPY', '3517091108710008', 'PETUGAS/ANGGOTA JAGA', NULL, 10, 'III/b', 'regu_jaga', NULL, NULL, NULL, '2026-04-06 23:36:53', '2026-04-24 04:04:33', 7, 6, NULL, NULL, 13),
(319, 219, '199710052022031001', '3517020510970002', 'VONIS AHMAD MAKHRUS', '3517020510970002', 'PETUGAS/ANGGOTA JAGA', NULL, 12, 'II/b', 'regu_jaga', NULL, NULL, NULL, '2026-04-06 23:36:54', '2026-04-24 05:24:53', 7, 6, 129, NULL, 13),
(320, 220, '198304272009011008', '3517192704830012', 'WAWAN SISWANTO', '3517192704830012', 'PETUGAS/ANGGOTA JAGA', NULL, 15, 'III/a', 'regu_jaga', NULL, 'KARUPAM', NULL, '2026-04-06 23:36:55', '2026-04-24 04:04:33', 7, 6, 128, NULL, 12),
(321, 221, '200512272025061002', '3510162712050004', 'WILLYAM DARMA SANTOSO', '3510162712050004', 'PENJAGA TAHANAN', NULL, 14, 'II/a', 'regu_jaga', NULL, NULL, NULL, '2026-04-06 23:36:55', '2026-04-24 04:04:33', 11, 6, NULL, NULL, 13),
(322, 222, '200105132020121001', '3517131305010002', 'ZUSA IKHWANUL KIROM', '3517131305010002', 'PETUGAS/ANGGOTA JAGA', NULL, 12, 'II/b', 'regu_jaga', NULL, NULL, NULL, '2026-04-06 23:36:56', '2026-04-24 05:33:40', 7, 6, 133, NULL, 13);

-- --------------------------------------------------------

--
-- Struktur dari tabel `failed_jobs`
--

CREATE TABLE `failed_jobs` (
  `id` bigint(20) UNSIGNED NOT NULL,
  `uuid` varchar(255) NOT NULL,
  `connection` text NOT NULL,
  `queue` text NOT NULL,
  `payload` longtext NOT NULL,
  `exception` longtext NOT NULL,
  `failed_at` timestamp NOT NULL DEFAULT current_timestamp()
) ENGINE=InnoDB DEFAULT CHARSET=utf8mb4 COLLATE=utf8mb4_unicode_ci;

-- --------------------------------------------------------

--
-- Struktur dari tabel `jobs`
--

CREATE TABLE `jobs` (
  `id` bigint(20) UNSIGNED NOT NULL,
  `queue` varchar(255) NOT NULL,
  `payload` longtext NOT NULL,
  `attempts` tinyint(3) UNSIGNED NOT NULL,
  `reserved_at` int(10) UNSIGNED DEFAULT NULL,
  `available_at` int(10) UNSIGNED NOT NULL,
  `created_at` int(10) UNSIGNED NOT NULL
) ENGINE=InnoDB DEFAULT CHARSET=utf8mb4 COLLATE=utf8mb4_unicode_ci;

-- --------------------------------------------------------

--
-- Struktur dari tabel `job_batches`
--

CREATE TABLE `job_batches` (
  `id` varchar(255) NOT NULL,
  `name` varchar(255) NOT NULL,
  `total_jobs` int(11) NOT NULL,
  `pending_jobs` int(11) NOT NULL,
  `failed_jobs` int(11) NOT NULL,
  `failed_job_ids` longtext NOT NULL,
  `options` mediumtext DEFAULT NULL,
  `cancelled_at` int(11) DEFAULT NULL,
  `created_at` int(11) NOT NULL,
  `finished_at` int(11) DEFAULT NULL
) ENGINE=InnoDB DEFAULT CHARSET=utf8mb4 COLLATE=utf8mb4_unicode_ci;

-- --------------------------------------------------------

--
-- Struktur dari tabel `migrations`
--

CREATE TABLE `migrations` (
  `id` int(10) UNSIGNED NOT NULL,
  `migration` varchar(255) NOT NULL,
  `batch` int(11) NOT NULL
) ENGINE=InnoDB DEFAULT CHARSET=utf8mb4 COLLATE=utf8mb4_unicode_ci;

--
-- Dumping data untuk tabel `migrations`
--

INSERT INTO `migrations` (`id`, `migration`, `batch`) VALUES
(1, '0001_01_01_000000_create_users_table', 1),
(2, '0001_01_01_000001_create_cache_table', 1),
(3, '0001_01_01_000002_create_jobs_table', 1),
(4, '2026_03_31_103857_create_document_categories_table_v2', 1),
(5, '2026_03_31_103858_create_employees_table_v2', 1),
(6, '2026_03_31_103859_create_documents_table_v2', 1),
(7, '2026_03_31_114717_create_audit_logs_table', 1),
(8, '2026_03_31_123630_create_positions_table', 1),
(9, '2026_03_31_123633_create_work_units_table', 1),
(10, '2026_03_31_123636_create_notifications_table', 1),
(11, '2026_03_31_123737_add_structured_ids_to_employees_table', 1),
(12, '2026_03_31_130110_create_settings_table', 1),
(13, '2026_03_31_134424_create_document_versions_table', 1),
(14, '2026_04_01_020836_add_is_locked_to_documents_table', 1),
(15, '2026_04_01_024420_add_system_columns_to_audit_logs_table', 1),
(16, '2026_04_01_050611_add_status_and_year_to_documents_table', 1),
(17, '2026_04_01_050616_create_report_issues_table', 1),
(18, '2026_04_01_051704_make_document_id_nullable_in_audit_logs_table', 2),
(19, '2026_04_01_054319_force_make_document_id_nullable_in_audit_logs', 3),
(20, '2026_04_01_063606_change_photo_to_longtext_in_employees_table', 4),
(21, '2026_04_01_104518_change_photo_back_to_string_in_employees_table', 5),
(22, '2026_04_01_113021_add_status_to_report_issues_table', 6),
(23, '2026_04_01_122722_add_is_mandatory_to_document_categories_table', 6),
(24, '2026_04_01_122725_add_rejection_reason_to_documents_table', 6),
(25, '2026_04_02_014642_fix_status_column_in_report_issues_table', 7),
(26, '2026_04_02_055712_create_announcements_table', 8),
(27, '2026_04_04_144317_add_scheduling_to_announcements_table', 9),
(28, '2026_04_06_052931_add_hris_columns_to_employees_table', 10),
(29, '2026_04_06_053216_create_shifts_table', 10),
(30, '2026_04_06_053224_create_schedules_table', 10),
(31, '2026_04_06_053232_create_attendances_table', 10),
(32, '2026_04_06_075155_add_nik_and_wa_to_employees_table', 11),
(33, '2026_04_06_090913_add_extra_fields_to_employees', 12),
(34, '2026_04_06_114706_add_indexes_to_attendances_table', 13),
(35, '2026_04_06_145119_create_squads_table', 14),
(36, '2026_04_06_145144_add_squad_id_to_employees_table', 14),
(37, '2026_04_07_083359_create_ranks_table', 15),
(38, '2026_04_07_083541_add_rank_id_to_employees_table', 15),
(39, '2026_04_07_114313_add_meal_allowance_to_ranks_table', 16),
(40, '2026_04_07_132415_add_auditable_to_audit_logs_table', 17),
(41, '2026_04_07_143926_update_kop_defaults', 18),
(42, '2026_04_08_105154_create_schedule_types_table', 19),
(43, '2026_04_08_105156_add_role_to_employees_table', 19),
(44, '2026_04_08_105157_add_schedule_type_id_to_squads_table', 19),
(45, '2026_04_08_105158_add_schedule_type_id_to_schedules_table', 19),
(46, '2026_04_08_120224_create_categories_table', 20),
(47, '2026_04_08_120225_add_category_id_to_employees_table', 20),
(48, '2026_04_08_133000_add_performance_indexes_to_schedules', 21),
(49, '2026_04_15_035438_ensure_photo_is_longtext_in_employees_table', 22),
(50, '2026_04_16_062706_create_squad_schedules_table', 22),
(51, '2026_04_23_024405_add_type_to_squads_table', 23),
(52, '2026_04_23_035857_remove_unique_constraint_from_squad_schedules', 23),
(53, '2026_04_23_050427_add_status_to_schedules_table', 23),
(54, '2026_04_23_050700_add_sick_to_attendance_status', 23),
(55, '2026_04_24_094641_fix_squads_unique_constraint', 24),
(56, '2026_04_24_103611_create_tunkins_table', 25),
(57, '2026_04_24_103637_add_tunkin_id_to_employees_table', 25);

-- --------------------------------------------------------

--
-- Struktur dari tabel `notifications`
--

CREATE TABLE `notifications` (
  `id` char(36) NOT NULL,
  `type` varchar(255) NOT NULL,
  `notifiable_type` varchar(255) NOT NULL,
  `notifiable_id` bigint(20) UNSIGNED NOT NULL,
  `data` text NOT NULL,
  `read_at` timestamp NULL DEFAULT NULL,
  `created_at` timestamp NULL DEFAULT NULL,
  `updated_at` timestamp NULL DEFAULT NULL
) ENGINE=InnoDB DEFAULT CHARSET=utf8mb4 COLLATE=utf8mb4_unicode_ci;

--
-- Dumping data untuk tabel `notifications`
--

INSERT INTO `notifications` (`id`, `type`, `notifiable_type`, `notifiable_id`, `data`, `read_at`, `created_at`, `updated_at`) VALUES
('0bc11d2f-774a-4f3a-bdc9-f331c3cb388d', 'App\\Notifications\\NewDocumentNotification', 'App\\Models\\User', 107, '{\"title\":\"Dokumen Baru Tersedia\",\"message\":\"Dokumen \\\"test\\\" telah diunggah ke akun Anda.\",\"document_id\":2,\"category\":\"Slip Gaji\"}', '2026-04-01 21:14:12', '2026-03-31 22:42:04', '2026-04-01 21:14:12'),
('10377b13-10b1-4d3d-952f-cbeb73682fbe', 'App\\Notifications\\NewDocumentNotification', 'App\\Models\\User', 107, '{\"title\":\"Dokumen Baru Tersedia\",\"message\":\"Dokumen \\\"Slip Gaji Pak Samud\\\" telah diunggah ke akun Anda.\",\"document_id\":1,\"category\":\"Slip Gaji\"}', '2026-04-01 21:14:12', '2026-03-31 22:33:29', '2026-04-01 21:14:12'),
('c9320c01-cbaf-4784-8d93-9aa8f05444b9', 'App\\Notifications\\NewDocumentNotification', 'App\\Models\\User', 107, '{\"title\":\"Dokumen Baru Tersedia\",\"message\":\"Dokumen \\\"skp\\\" telah diunggah ke akun Anda.\",\"document_id\":3,\"category\":\"SKP\"}', '2026-04-01 21:14:12', '2026-03-31 22:47:04', '2026-04-01 21:14:12');

-- --------------------------------------------------------

--
-- Struktur dari tabel `password_reset_tokens`
--

CREATE TABLE `password_reset_tokens` (
  `email` varchar(255) NOT NULL,
  `token` varchar(255) NOT NULL,
  `created_at` timestamp NULL DEFAULT NULL
) ENGINE=InnoDB DEFAULT CHARSET=utf8mb4 COLLATE=utf8mb4_unicode_ci;

-- --------------------------------------------------------

--
-- Struktur dari tabel `positions`
--

CREATE TABLE `positions` (
  `id` bigint(20) UNSIGNED NOT NULL,
  `name` varchar(255) NOT NULL,
  `slug` varchar(255) NOT NULL,
  `created_at` timestamp NULL DEFAULT NULL,
  `updated_at` timestamp NULL DEFAULT NULL
) ENGINE=InnoDB DEFAULT CHARSET=utf8mb4 COLLATE=utf8mb4_unicode_ci;

--
-- Dumping data untuk tabel `positions`
--

INSERT INTO `positions` (`id`, `name`, `slug`, `created_at`, `updated_at`) VALUES
(1, 'Kepala Lapas', 'kepala-lapas', '2026-03-31 22:07:59', '2026-03-31 22:07:59'),
(2, 'Ka. KPLP', 'ka-kplp', '2026-03-31 22:07:59', '2026-03-31 22:07:59'),
(3, 'Kasi Binadik', 'kasi-binadik', '2026-03-31 22:07:59', '2026-03-31 22:07:59'),
(4, 'Kasubbag Tata Usaha', 'kasubbag-tata-usaha', '2026-03-31 22:07:59', '2026-03-31 22:07:59'),
(5, 'Analis Kepegawaian', 'analis-kepegawaian', '2026-03-31 22:07:59', '2026-03-31 22:07:59'),
(6, 'Staf Administrasi', 'staf-administrasi', '2026-03-31 22:07:59', '2026-03-31 22:07:59'),
(7, 'PETUGAS/ANGGOTA JAGA', 'petugasanggota-jaga', '2026-04-05 01:08:23', '2026-04-05 01:08:23'),
(8, 'PEMBINA KEAMANAN PEMASYARAKATAN AHLI PERTAMA', 'pembina-keamanan-pemasyarakatan-ahli-pertama', '2026-04-05 01:08:33', '2026-04-05 01:08:33'),
(9, 'KOMANDAN JAGA PEMASYARAKATAN/KEIMIGRASIAN', 'komandan-jaga-pemasyarakatankeimigrasian', '2026-04-05 01:08:34', '2026-04-05 01:08:34'),
(10, 'KEPALA LEMBAGA PEMASYARAKATAN', 'kepala-lembaga-pemasyarakatan', '2026-04-05 01:08:35', '2026-04-05 01:08:35'),
(11, 'PENJAGA TAHANAN', 'penjaga-tahanan', '2026-04-05 01:08:39', '2026-04-05 01:08:39'),
(12, 'KEPALA KESATUAN PENGAMANAN LAPAS', 'kepala-kesatuan-pengamanan-lapas', '2026-04-05 01:08:56', '2026-04-05 01:08:56'),
(13, 'KEPALA SUBBAGIAN TATA USAHA', 'kepala-subbagian-tata-usaha', '2026-04-05 01:08:57', '2026-04-05 01:08:57'),
(14, 'KEPALA URUSAN KEPEGAWAIAN DAN KEUANGAN', 'kepala-urusan-kepegawaian-dan-keuangan', '2026-04-05 01:08:57', '2026-04-05 01:08:57'),
(15, 'BENDAHARA PENERIMAAN SATUAN KERJA', 'bendahara-penerimaan-satuan-kerja', '2026-04-05 01:08:57', '2026-04-05 01:08:57'),
(16, 'PENGELOLA DATA KEPEGAWAIAN', 'pengelola-data-kepegawaian', '2026-04-05 01:08:58', '2026-04-05 01:08:58'),
(17, 'BENDAHARA PENGELUARAN SATUAN KERJA', 'bendahara-pengeluaran-satuan-kerja', '2026-04-05 01:08:58', '2026-04-05 01:08:58'),
(18, 'PENGADMINISTRASI UMUM', 'pengadministrasi-umum', '2026-04-05 01:08:58', '2026-04-05 01:08:58'),
(19, 'PENGELOLA BARANG MILIK NEGARA', 'pengelola-barang-milik-negara', '2026-04-05 01:08:59', '2026-04-05 01:08:59'),
(20, 'KEPALA URUSAN UMUM', 'kepala-urusan-umum', '2026-04-05 01:09:00', '2026-04-05 01:09:00'),
(21, 'KEPALA SEKSI BIMBINGAN NARAPIDANA/ANAK DIDIK DAN KEGIATAN KERJA', 'kepala-seksi-bimbingan-narapidanaanak-didik-dan-kegiatan-kerja', '2026-04-05 01:09:01', '2026-04-05 01:09:01'),
(22, 'PENGADMINISTRASI LAYANAN KUNJUNGAN', 'pengadministrasi-layanan-kunjungan', '2026-04-05 01:09:01', '2026-04-05 01:09:01'),
(23, 'KEPALA SUBSEKSI REGISTRASI DAN BIMBINGAN KEMASYARAKATAN', 'kepala-subseksi-registrasi-dan-bimbingan-kemasyarakatan', '2026-04-05 01:09:01', '2026-04-05 01:09:01'),
(24, 'PENELAAH STATUS WARGA BINAAN PEMASYARAKATAN', 'penelaah-status-warga-binaan-pemasyarakatan', '2026-04-05 01:09:02', '2026-04-05 01:09:02'),
(25, 'PENGELOLA DAN PENGOLAH MAKANAN', 'pengelola-dan-pengolah-makanan', '2026-04-05 01:09:03', '2026-04-05 01:09:03'),
(26, 'DOKTER PERTAMA', 'dokter-pertama', '2026-04-05 01:09:03', '2026-04-05 01:09:03'),
(27, 'PERAWAT PERTAMA', 'perawat-pertama', '2026-04-05 01:09:04', '2026-04-05 01:09:04'),
(28, 'PENGOLAH DATA KESEHATAN', 'pengolah-data-kesehatan', '2026-04-05 01:09:04', '2026-04-05 01:09:04'),
(29, 'KEPALA SUBSEKSI PERAWATAN NARAPIDANA/ANAK DIDIK', 'kepala-subseksi-perawatan-narapidanaanak-didik', '2026-04-05 01:09:05', '2026-04-05 01:09:05'),
(30, 'PENGELOLA HASIL KERJA', 'pengelola-hasil-kerja', '2026-04-05 01:09:05', '2026-04-05 01:09:05'),
(31, 'KEPALA SUBSEKSI KEGIATAN KERJA', 'kepala-subseksi-kegiatan-kerja', '2026-04-05 01:09:05', '2026-04-05 01:09:05'),
(32, 'KEPALA SEKSI ADMINISTRASI KEAMANAN DAN TATA TERTIB', 'kepala-seksi-administrasi-keamanan-dan-tata-tertib', '2026-04-05 01:09:06', '2026-04-05 01:09:06'),
(33, 'PENGOLAH DATA LAPORAN PEMELIHARAAN PERLENGKAPAN', 'pengolah-data-laporan-pemeliharaan-perlengkapan', '2026-04-05 01:09:07', '2026-04-05 01:09:07'),
(34, 'KEPALA SUBSEKSI KEAMANAN', 'kepala-subseksi-keamanan', '2026-04-05 01:09:08', '2026-04-05 01:09:08'),
(35, 'KEPALA SUBSEKSI PELAPORAN DAN TATA TERTIB', 'kepala-subseksi-pelaporan-dan-tata-tertib', '2026-04-05 01:09:08', '2026-04-05 01:09:08');

-- --------------------------------------------------------

--
-- Struktur dari tabel `ranks`
--

CREATE TABLE `ranks` (
  `id` bigint(20) UNSIGNED NOT NULL,
  `name` varchar(255) NOT NULL,
  `description` varchar(255) DEFAULT NULL,
  `meal_allowance` int(11) NOT NULL DEFAULT 0,
  `created_at` timestamp NULL DEFAULT NULL,
  `updated_at` timestamp NULL DEFAULT NULL
) ENGINE=InnoDB DEFAULT CHARSET=utf8mb4 COLLATE=utf8mb4_unicode_ci;

--
-- Dumping data untuk tabel `ranks`
--

INSERT INTO `ranks` (`id`, `name`, `description`, `meal_allowance`, `created_at`, `updated_at`) VALUES
(10, 'III/B', NULL, 37000, '2026-04-07 03:57:29', '2026-04-24 05:44:57'),
(11, 'X', NULL, 35000, '2026-04-07 03:57:29', '2026-04-24 05:44:57'),
(12, 'II/B', NULL, 35000, '2026-04-07 03:57:29', '2026-04-24 05:44:57'),
(13, 'II/C', NULL, 35000, '2026-04-07 03:57:29', '2026-04-24 05:44:57'),
(14, 'II/A', NULL, 35000, '2026-04-07 03:57:29', '2026-04-24 05:44:57'),
(15, 'III/A', NULL, 37000, '2026-04-07 03:57:29', '2026-04-24 05:44:57'),
(16, 'III/D', NULL, 37000, '2026-04-07 03:57:29', '2026-04-24 05:44:57'),
(17, 'III/C', NULL, 37000, '2026-04-07 03:57:30', '2026-04-24 05:44:57'),
(18, 'IV/A', NULL, 41000, '2026-04-07 03:57:30', '2026-04-24 05:44:57');

-- --------------------------------------------------------

--
-- Struktur dari tabel `report_issues`
--

CREATE TABLE `report_issues` (
  `id` bigint(20) UNSIGNED NOT NULL,
  `user_id` bigint(20) UNSIGNED NOT NULL,
  `subject` varchar(255) NOT NULL,
  `message` text NOT NULL,
  `status` varchar(255) NOT NULL DEFAULT 'open',
  `admin_note` text DEFAULT NULL,
  `created_at` timestamp NULL DEFAULT NULL,
  `updated_at` timestamp NULL DEFAULT NULL
) ENGINE=InnoDB DEFAULT CHARSET=utf8mb4 COLLATE=utf8mb4_unicode_ci;

-- --------------------------------------------------------

--
-- Struktur dari tabel `schedules`
--

CREATE TABLE `schedules` (
  `id` bigint(20) UNSIGNED NOT NULL,
  `employee_id` bigint(20) UNSIGNED NOT NULL,
  `shift_id` bigint(20) UNSIGNED DEFAULT NULL,
  `date` date NOT NULL,
  `status` varchar(255) NOT NULL DEFAULT 'picket',
  `created_at` timestamp NULL DEFAULT NULL,
  `updated_at` timestamp NULL DEFAULT NULL,
  `schedule_type_id` bigint(20) UNSIGNED DEFAULT NULL
) ENGINE=InnoDB DEFAULT CHARSET=utf8mb4 COLLATE=utf8mb4_unicode_ci;

--
-- Dumping data untuk tabel `schedules`
--

INSERT INTO `schedules` (`id`, `employee_id`, `shift_id`, `date`, `status`, `created_at`, `updated_at`, `schedule_type_id`) VALUES
(1, 321, 17, '2026-02-18', 'picket', '2026-04-08 05:33:19', '2026-04-08 05:33:19', 19),
(2, 321, 14, '2026-02-19', 'picket', '2026-04-08 05:33:19', '2026-04-08 05:33:19', 19),
(3, 321, 13, '2026-02-21', 'picket', '2026-04-08 05:33:19', '2026-04-08 05:33:19', 19),
(4, 321, 17, '2026-02-22', 'picket', '2026-04-08 05:33:19', '2026-04-08 05:33:19', 19),
(5, 321, 14, '2026-02-23', 'picket', '2026-04-08 05:33:19', '2026-04-08 05:33:19', 19),
(6, 321, 13, '2026-02-25', 'picket', '2026-04-08 05:33:19', '2026-04-08 05:33:19', 19),
(7, 321, 17, '2026-02-26', 'picket', '2026-04-08 05:33:19', '2026-04-08 05:33:19', 19),
(8, 321, 14, '2026-02-27', 'picket', '2026-04-08 05:33:19', '2026-04-08 05:33:19', 19),
(9, 321, 13, '2026-03-01', 'picket', '2026-04-08 05:33:19', '2026-04-08 05:33:19', 19),
(10, 321, 17, '2026-03-02', 'picket', '2026-04-08 05:33:19', '2026-04-08 05:33:19', 19),
(11, 321, 14, '2026-03-03', 'picket', '2026-04-08 05:33:19', '2026-04-08 05:33:19', 19),
(12, 321, 13, '2026-03-05', 'picket', '2026-04-08 05:33:19', '2026-04-08 05:33:19', 19),
(13, 321, 17, '2026-03-06', 'picket', '2026-04-08 05:33:19', '2026-04-08 05:33:19', 19),
(14, 321, 14, '2026-03-07', 'picket', '2026-04-08 05:33:19', '2026-04-08 05:33:19', 19),
(15, 321, 13, '2026-03-09', 'picket', '2026-04-08 05:33:19', '2026-04-08 05:33:19', 19),
(16, 321, 17, '2026-03-10', 'picket', '2026-04-08 05:33:19', '2026-04-08 05:33:19', 19),
(17, 321, 14, '2026-03-11', 'picket', '2026-04-08 05:33:19', '2026-04-08 05:33:19', 19),
(18, 321, 13, '2026-03-13', 'picket', '2026-04-08 05:33:19', '2026-04-08 05:33:19', 19),
(19, 321, 17, '2026-03-14', 'picket', '2026-04-08 05:33:19', '2026-04-08 05:33:19', 19),
(20, 321, 14, '2026-03-15', 'picket', '2026-04-08 05:33:19', '2026-04-08 05:33:19', 19),
(21, 321, 13, '2026-03-17', 'picket', '2026-04-08 05:33:19', '2026-04-08 05:33:19', 19),
(22, 321, 17, '2026-03-18', 'picket', '2026-04-08 05:33:19', '2026-04-08 05:33:19', 19),
(23, 321, 14, '2026-03-19', 'picket', '2026-04-08 05:33:19', '2026-04-08 05:33:19', 19),
(24, 292, 17, '2026-02-18', 'picket', '2026-04-08 05:33:19', '2026-04-08 05:33:19', 19),
(25, 292, 14, '2026-02-19', 'picket', '2026-04-08 05:33:19', '2026-04-08 05:33:19', 19),
(26, 292, 13, '2026-02-21', 'picket', '2026-04-08 05:33:19', '2026-04-08 05:33:19', 19),
(27, 292, 17, '2026-02-22', 'picket', '2026-04-08 05:33:19', '2026-04-08 05:33:19', 19),
(28, 292, 14, '2026-02-23', 'picket', '2026-04-08 05:33:19', '2026-04-08 05:33:19', 19),
(29, 292, 13, '2026-02-25', 'picket', '2026-04-08 05:33:19', '2026-04-08 05:33:19', 19),
(30, 292, 17, '2026-02-26', 'picket', '2026-04-08 05:33:19', '2026-04-08 05:33:19', 19),
(31, 292, 14, '2026-02-27', 'picket', '2026-04-08 05:33:19', '2026-04-08 05:33:19', 19),
(32, 292, 13, '2026-03-01', 'picket', '2026-04-08 05:33:19', '2026-04-08 05:33:19', 19),
(33, 292, 17, '2026-03-02', 'picket', '2026-04-08 05:33:19', '2026-04-08 05:33:19', 19),
(34, 292, 14, '2026-03-03', 'picket', '2026-04-08 05:33:19', '2026-04-08 05:33:19', 19),
(35, 292, 13, '2026-03-05', 'picket', '2026-04-08 05:33:19', '2026-04-08 05:33:19', 19),
(36, 292, 17, '2026-03-06', 'picket', '2026-04-08 05:33:19', '2026-04-08 05:33:19', 19),
(37, 292, 14, '2026-03-07', 'picket', '2026-04-08 05:33:19', '2026-04-08 05:33:19', 19),
(38, 292, 13, '2026-03-09', 'picket', '2026-04-08 05:33:19', '2026-04-08 05:33:19', 19),
(39, 292, 17, '2026-03-10', 'picket', '2026-04-08 05:33:19', '2026-04-08 05:33:19', 19),
(40, 292, 14, '2026-03-11', 'picket', '2026-04-08 05:33:19', '2026-04-08 05:33:19', 19),
(41, 292, 13, '2026-03-13', 'picket', '2026-04-08 05:33:19', '2026-04-08 05:33:19', 19),
(42, 292, 17, '2026-03-14', 'picket', '2026-04-08 05:33:19', '2026-04-08 05:33:19', 19),
(43, 292, 14, '2026-03-15', 'picket', '2026-04-08 05:33:19', '2026-04-08 05:33:19', 19),
(44, 292, 13, '2026-03-17', 'picket', '2026-04-08 05:33:19', '2026-04-08 05:33:19', 19),
(45, 292, 17, '2026-03-18', 'picket', '2026-04-08 05:33:19', '2026-04-08 05:33:19', 19),
(46, 292, 14, '2026-03-19', 'picket', '2026-04-08 05:33:19', '2026-04-08 05:33:19', 19),
(47, 277, 13, '2026-02-19', 'picket', '2026-04-08 05:33:19', '2026-04-08 05:33:19', 19),
(48, 277, 17, '2026-02-20', 'picket', '2026-04-08 05:33:19', '2026-04-08 05:33:19', 19),
(49, 277, 14, '2026-02-21', 'picket', '2026-04-08 05:33:19', '2026-04-08 05:33:19', 19),
(50, 277, 13, '2026-02-23', 'picket', '2026-04-08 05:33:19', '2026-04-08 05:33:19', 19),
(51, 277, 17, '2026-02-24', 'picket', '2026-04-08 05:33:19', '2026-04-08 05:33:19', 19),
(52, 277, 14, '2026-02-25', 'picket', '2026-04-08 05:33:19', '2026-04-08 05:33:19', 19),
(53, 277, 13, '2026-02-27', 'picket', '2026-04-08 05:33:19', '2026-04-08 05:33:19', 19),
(54, 277, 17, '2026-02-28', 'picket', '2026-04-08 05:33:19', '2026-04-08 05:33:19', 19),
(55, 277, 14, '2026-03-01', 'picket', '2026-04-08 05:33:19', '2026-04-08 05:33:19', 19),
(56, 277, 13, '2026-03-03', 'picket', '2026-04-08 05:33:19', '2026-04-08 05:33:19', 19),
(57, 277, 17, '2026-03-04', 'picket', '2026-04-08 05:33:19', '2026-04-08 05:33:19', 19),
(58, 277, 14, '2026-03-05', 'picket', '2026-04-08 05:33:19', '2026-04-08 05:33:19', 19),
(59, 277, 13, '2026-03-07', 'picket', '2026-04-08 05:33:19', '2026-04-08 05:33:19', 19),
(60, 277, 17, '2026-03-08', 'picket', '2026-04-08 05:33:19', '2026-04-08 05:33:19', 19),
(61, 277, 14, '2026-03-09', 'picket', '2026-04-08 05:33:19', '2026-04-08 05:33:19', 19),
(62, 277, 13, '2026-03-11', 'picket', '2026-04-08 05:33:19', '2026-04-08 05:33:19', 19),
(63, 277, 17, '2026-03-12', 'picket', '2026-04-08 05:33:19', '2026-04-08 05:33:19', 19),
(64, 277, 14, '2026-03-13', 'picket', '2026-04-08 05:33:19', '2026-04-08 05:33:19', 19),
(65, 277, 13, '2026-03-15', 'picket', '2026-04-08 05:33:19', '2026-04-08 05:33:19', 19),
(66, 277, 17, '2026-03-16', 'picket', '2026-04-08 05:33:19', '2026-04-08 05:33:19', 19),
(67, 277, 14, '2026-03-17', 'picket', '2026-04-08 05:33:19', '2026-04-08 05:33:19', 19),
(68, 277, 13, '2026-03-19', 'picket', '2026-04-08 05:33:19', '2026-04-08 05:33:19', 19),
(69, 279, 13, '2026-02-18', 'picket', '2026-04-08 05:33:19', '2026-04-08 05:33:19', 19),
(70, 279, 17, '2026-02-19', 'picket', '2026-04-08 05:33:19', '2026-04-08 05:33:19', 19),
(71, 279, 14, '2026-02-20', 'picket', '2026-04-08 05:33:19', '2026-04-08 05:33:19', 19),
(72, 279, 13, '2026-02-22', 'picket', '2026-04-08 05:33:20', '2026-04-08 05:33:20', 19),
(73, 279, 17, '2026-02-23', 'picket', '2026-04-08 05:33:20', '2026-04-08 05:33:20', 19),
(74, 279, 14, '2026-02-24', 'picket', '2026-04-08 05:33:20', '2026-04-08 05:33:20', 19),
(75, 279, 13, '2026-02-26', 'picket', '2026-04-08 05:33:20', '2026-04-08 05:33:20', 19),
(76, 279, 17, '2026-02-27', 'picket', '2026-04-08 05:33:20', '2026-04-08 05:33:20', 19),
(77, 279, 14, '2026-02-28', 'picket', '2026-04-08 05:33:20', '2026-04-08 05:33:20', 19),
(78, 279, 13, '2026-03-02', 'picket', '2026-04-08 05:33:20', '2026-04-08 05:33:20', 19),
(79, 279, 17, '2026-03-03', 'picket', '2026-04-08 05:33:20', '2026-04-08 05:33:20', 19),
(80, 279, 14, '2026-03-04', 'picket', '2026-04-08 05:33:20', '2026-04-08 05:33:20', 19),
(81, 279, 13, '2026-03-06', 'picket', '2026-04-08 05:33:20', '2026-04-08 05:33:20', 19),
(82, 279, 17, '2026-03-07', 'picket', '2026-04-08 05:33:20', '2026-04-08 05:33:20', 19),
(83, 279, 14, '2026-03-08', 'picket', '2026-04-08 05:33:20', '2026-04-08 05:33:20', 19),
(84, 279, 13, '2026-03-10', 'picket', '2026-04-08 05:33:20', '2026-04-08 05:33:20', 19),
(85, 279, 17, '2026-03-11', 'picket', '2026-04-08 05:33:20', '2026-04-08 05:33:20', 19),
(86, 279, 14, '2026-03-12', 'picket', '2026-04-08 05:33:20', '2026-04-08 05:33:20', 19),
(87, 279, 13, '2026-03-14', 'picket', '2026-04-08 05:33:20', '2026-04-08 05:33:20', 19),
(88, 279, 17, '2026-03-15', 'picket', '2026-04-08 05:33:20', '2026-04-08 05:33:20', 19),
(89, 279, 14, '2026-03-16', 'picket', '2026-04-08 05:33:20', '2026-04-08 05:33:20', 19),
(90, 279, 13, '2026-03-18', 'picket', '2026-04-08 05:33:20', '2026-04-08 05:33:20', 19),
(91, 279, 17, '2026-03-19', 'picket', '2026-04-08 05:33:20', '2026-04-08 05:33:20', 19),
(92, 302, 14, '2026-02-18', 'picket', '2026-04-08 05:33:20', '2026-04-08 05:33:20', 19),
(93, 302, 13, '2026-02-20', 'picket', '2026-04-08 05:33:20', '2026-04-08 05:33:20', 19),
(94, 302, 17, '2026-02-21', 'picket', '2026-04-08 05:33:20', '2026-04-08 05:33:20', 19),
(95, 302, 14, '2026-02-22', 'picket', '2026-04-08 05:33:20', '2026-04-08 05:33:20', 19),
(96, 302, 13, '2026-02-24', 'picket', '2026-04-08 05:33:20', '2026-04-08 05:33:20', 19),
(97, 302, 17, '2026-02-25', 'picket', '2026-04-08 05:33:20', '2026-04-08 05:33:20', 19),
(98, 302, 14, '2026-02-26', 'picket', '2026-04-08 05:33:20', '2026-04-08 05:33:20', 19),
(99, 302, 13, '2026-02-28', 'picket', '2026-04-08 05:33:20', '2026-04-08 05:33:20', 19),
(100, 302, 17, '2026-03-01', 'picket', '2026-04-08 05:33:20', '2026-04-08 05:33:20', 19),
(101, 302, 14, '2026-03-02', 'picket', '2026-04-08 05:33:20', '2026-04-08 05:33:20', 19),
(102, 302, 13, '2026-03-04', 'picket', '2026-04-08 05:33:20', '2026-04-08 05:33:20', 19),
(103, 302, 17, '2026-03-05', 'picket', '2026-04-08 05:33:20', '2026-04-08 05:33:20', 19),
(104, 302, 14, '2026-03-06', 'picket', '2026-04-08 05:33:20', '2026-04-08 05:33:20', 19),
(105, 302, 13, '2026-03-08', 'picket', '2026-04-08 05:33:20', '2026-04-08 05:33:20', 19),
(106, 302, 17, '2026-03-09', 'picket', '2026-04-08 05:33:20', '2026-04-08 05:33:20', 19),
(107, 302, 14, '2026-03-10', 'picket', '2026-04-08 05:33:20', '2026-04-08 05:33:20', 19),
(108, 302, 13, '2026-03-12', 'picket', '2026-04-08 05:33:20', '2026-04-08 05:33:20', 19),
(109, 302, 17, '2026-03-13', 'picket', '2026-04-08 05:33:20', '2026-04-08 05:33:20', 19),
(110, 302, 14, '2026-03-14', 'picket', '2026-04-08 05:33:20', '2026-04-08 05:33:20', 19),
(111, 302, 13, '2026-03-16', 'picket', '2026-04-08 05:33:20', '2026-04-08 05:33:20', 19),
(112, 302, 17, '2026-03-17', 'picket', '2026-04-08 05:33:20', '2026-04-08 05:33:20', 19),
(113, 302, 14, '2026-03-18', 'picket', '2026-04-08 05:33:20', '2026-04-08 05:33:20', 19),
(114, 264, 17, '2026-02-19', 'picket', '2026-04-08 05:33:20', '2026-04-08 05:33:20', 31),
(115, 264, 15, '2026-02-20', 'picket', '2026-04-08 05:33:20', '2026-04-08 05:33:20', 31),
(116, 264, 17, '2026-02-22', 'picket', '2026-04-08 05:33:20', '2026-04-08 05:33:20', 31),
(117, 264, 15, '2026-02-23', 'picket', '2026-04-08 05:33:20', '2026-04-08 05:33:20', 31),
(118, 264, 17, '2026-02-25', 'picket', '2026-04-08 05:33:20', '2026-04-08 05:33:20', 31),
(119, 264, 15, '2026-02-26', 'picket', '2026-04-08 05:33:20', '2026-04-08 05:33:20', 31),
(120, 264, 17, '2026-02-28', 'picket', '2026-04-08 05:33:20', '2026-04-08 05:33:20', 31),
(121, 264, 15, '2026-03-01', 'picket', '2026-04-08 05:33:20', '2026-04-08 05:33:20', 31),
(122, 264, 17, '2026-03-03', 'picket', '2026-04-08 05:33:20', '2026-04-08 05:33:20', 31),
(123, 264, 15, '2026-03-04', 'picket', '2026-04-08 05:33:20', '2026-04-08 05:33:20', 31),
(124, 264, 17, '2026-03-06', 'picket', '2026-04-08 05:33:20', '2026-04-08 05:33:20', 31),
(125, 264, 15, '2026-03-07', 'picket', '2026-04-08 05:33:20', '2026-04-08 05:33:20', 31),
(126, 264, 17, '2026-03-09', 'picket', '2026-04-08 05:33:20', '2026-04-08 05:33:20', 31),
(127, 264, 15, '2026-03-10', 'picket', '2026-04-08 05:33:20', '2026-04-08 05:33:20', 31),
(128, 264, 17, '2026-03-12', 'picket', '2026-04-08 05:33:20', '2026-04-08 05:33:20', 31),
(129, 264, 15, '2026-03-13', 'picket', '2026-04-08 05:33:20', '2026-04-08 05:33:20', 31),
(130, 264, 17, '2026-03-15', 'picket', '2026-04-08 05:33:20', '2026-04-08 05:33:20', 31),
(131, 264, 15, '2026-03-16', 'picket', '2026-04-08 05:33:20', '2026-04-08 05:33:20', 31),
(132, 264, 17, '2026-03-18', 'picket', '2026-04-08 05:33:20', '2026-04-08 05:33:20', 31),
(133, 264, 15, '2026-03-19', 'picket', '2026-04-08 05:33:20', '2026-04-08 05:33:20', 31),
(134, 232, 17, '2026-02-18', 'picket', '2026-04-08 05:33:20', '2026-04-08 05:33:20', 31),
(135, 232, 15, '2026-02-19', 'picket', '2026-04-08 05:33:20', '2026-04-08 05:33:20', 31),
(136, 232, 17, '2026-02-21', 'picket', '2026-04-08 05:33:20', '2026-04-08 05:33:20', 31),
(137, 232, 15, '2026-02-22', 'picket', '2026-04-08 05:33:20', '2026-04-08 05:33:20', 31),
(138, 232, 17, '2026-02-24', 'picket', '2026-04-08 05:33:20', '2026-04-08 05:33:20', 31),
(139, 232, 15, '2026-02-25', 'picket', '2026-04-08 05:33:20', '2026-04-08 05:33:20', 31),
(140, 232, 17, '2026-02-27', 'picket', '2026-04-08 05:33:20', '2026-04-08 05:33:20', 31),
(141, 232, 15, '2026-02-28', 'picket', '2026-04-08 05:33:20', '2026-04-08 05:33:20', 31),
(142, 232, 17, '2026-03-02', 'picket', '2026-04-08 05:33:20', '2026-04-08 05:33:20', 31),
(143, 232, 15, '2026-03-03', 'picket', '2026-04-08 05:33:20', '2026-04-08 05:33:20', 31),
(144, 232, 17, '2026-03-05', 'picket', '2026-04-08 05:33:20', '2026-04-08 05:33:20', 31),
(145, 232, 15, '2026-03-06', 'picket', '2026-04-08 05:33:20', '2026-04-08 05:33:20', 31),
(146, 232, 17, '2026-03-08', 'picket', '2026-04-08 05:33:20', '2026-04-08 05:33:20', 31),
(147, 232, 15, '2026-03-09', 'picket', '2026-04-08 05:33:20', '2026-04-08 05:33:20', 31),
(148, 232, 17, '2026-03-11', 'picket', '2026-04-08 05:33:20', '2026-04-08 05:33:20', 31),
(149, 232, 15, '2026-03-12', 'picket', '2026-04-08 05:33:20', '2026-04-08 05:33:20', 31),
(150, 232, 17, '2026-03-14', 'picket', '2026-04-08 05:33:20', '2026-04-08 05:33:20', 31),
(151, 232, 15, '2026-03-15', 'picket', '2026-04-08 05:33:20', '2026-04-08 05:33:20', 31),
(152, 232, 17, '2026-03-17', 'picket', '2026-04-08 05:33:20', '2026-04-08 05:33:20', 31),
(153, 232, 15, '2026-03-18', 'picket', '2026-04-08 05:33:20', '2026-04-08 05:33:20', 31),
(154, 265, 17, '2026-02-18', 'picket', '2026-04-08 05:33:20', '2026-04-08 05:33:20', 32),
(155, 265, 17, '2026-02-20', 'picket', '2026-04-08 05:33:20', '2026-04-08 05:33:20', 32),
(156, 265, 17, '2026-02-22', 'picket', '2026-04-08 05:33:20', '2026-04-08 05:33:20', 32),
(157, 265, 17, '2026-02-24', 'picket', '2026-04-08 05:33:20', '2026-04-08 05:33:20', 32),
(158, 265, 17, '2026-02-26', 'picket', '2026-04-08 05:33:20', '2026-04-08 05:33:20', 32),
(159, 265, 17, '2026-02-28', 'picket', '2026-04-08 05:33:20', '2026-04-08 05:33:20', 32),
(160, 265, 17, '2026-03-02', 'picket', '2026-04-08 05:33:20', '2026-04-08 05:33:20', 32),
(161, 265, 17, '2026-03-04', 'picket', '2026-04-08 05:33:20', '2026-04-08 05:33:20', 32),
(162, 265, 17, '2026-03-06', 'picket', '2026-04-08 05:33:20', '2026-04-08 05:33:20', 32),
(163, 265, 17, '2026-03-08', 'picket', '2026-04-08 05:33:20', '2026-04-08 05:33:20', 32),
(164, 265, 17, '2026-03-10', 'picket', '2026-04-08 05:33:20', '2026-04-08 05:33:20', 32),
(165, 265, 17, '2026-03-12', 'picket', '2026-04-08 05:33:20', '2026-04-08 05:33:20', 32),
(166, 265, 17, '2026-03-14', 'picket', '2026-04-08 05:33:20', '2026-04-08 05:33:20', 32),
(167, 265, 17, '2026-03-16', 'picket', '2026-04-08 05:33:20', '2026-04-08 05:33:20', 32),
(168, 265, 17, '2026-03-18', 'picket', '2026-04-08 05:33:20', '2026-04-08 05:33:20', 32),
(169, 274, 17, '2026-02-18', 'picket', '2026-04-08 05:33:20', '2026-04-08 05:33:20', 32),
(170, 274, 17, '2026-02-20', 'picket', '2026-04-08 05:33:20', '2026-04-08 05:33:20', 32),
(171, 274, 17, '2026-02-22', 'picket', '2026-04-08 05:33:20', '2026-04-08 05:33:20', 32),
(172, 274, 17, '2026-02-24', 'picket', '2026-04-08 05:33:20', '2026-04-08 05:33:20', 32),
(173, 274, 17, '2026-02-26', 'picket', '2026-04-08 05:33:20', '2026-04-08 05:33:20', 32),
(174, 274, 17, '2026-02-28', 'picket', '2026-04-08 05:33:20', '2026-04-08 05:33:20', 32),
(175, 274, 17, '2026-03-02', 'picket', '2026-04-08 05:33:20', '2026-04-08 05:33:20', 32),
(176, 274, 17, '2026-03-04', 'picket', '2026-04-08 05:33:20', '2026-04-08 05:33:20', 32),
(177, 274, 17, '2026-03-06', 'picket', '2026-04-08 05:33:20', '2026-04-08 05:33:20', 32),
(178, 274, 17, '2026-03-08', 'picket', '2026-04-08 05:33:20', '2026-04-08 05:33:20', 32),
(179, 274, 17, '2026-03-10', 'picket', '2026-04-08 05:33:20', '2026-04-08 05:33:20', 32),
(180, 274, 17, '2026-03-12', 'picket', '2026-04-08 05:33:20', '2026-04-08 05:33:20', 32),
(181, 274, 17, '2026-03-14', 'picket', '2026-04-08 05:33:20', '2026-04-08 05:33:20', 32),
(182, 274, 17, '2026-03-16', 'picket', '2026-04-08 05:33:20', '2026-04-08 05:33:20', 32),
(183, 274, 17, '2026-03-18', 'picket', '2026-04-08 05:33:20', '2026-04-08 05:33:20', 32);

-- --------------------------------------------------------

--
-- Struktur dari tabel `schedule_types`
--

CREATE TABLE `schedule_types` (
  `id` bigint(20) UNSIGNED NOT NULL,
  `name` varchar(255) NOT NULL,
  `code` varchar(255) NOT NULL,
  `description` text DEFAULT NULL,
  `shift_rules` longtext CHARACTER SET utf8mb4 COLLATE utf8mb4_bin DEFAULT NULL CHECK (json_valid(`shift_rules`)),
  `pattern` longtext CHARACTER SET utf8mb4 COLLATE utf8mb4_bin DEFAULT NULL CHECK (json_valid(`pattern`)),
  `uses_squads` tinyint(1) NOT NULL DEFAULT 0,
  `sort_order` int(11) NOT NULL DEFAULT 0,
  `is_active` tinyint(1) NOT NULL DEFAULT 1,
  `created_at` timestamp NULL DEFAULT NULL,
  `updated_at` timestamp NULL DEFAULT NULL
) ENGINE=InnoDB DEFAULT CHARSET=utf8mb4 COLLATE=utf8mb4_unicode_ci;

--
-- Dumping data untuk tabel `schedule_types`
--

INSERT INTO `schedule_types` (`id`, `name`, `code`, `description`, `shift_rules`, `pattern`, `uses_squads`, `sort_order`, `is_active`, `created_at`, `updated_at`) VALUES
(1, 'Regu Pengamanan (RUPAM)', 'rupam', 'Penjagaan 4 Regu (A/B/C/D) dengan pola I-I-S-(P&M)', '{\"P\":\"Pagi (RUPAM)\",\"S\":\"Siang (RUPAM)\",\"M\":\"Malam (RUPAM)\",\"I\":\"Libur\\/Istirahat\"}', '[\"I\",\"I\",\"S\",\"P-M\"]', 1, 1, 1, '2026-04-08 03:54:16', '2026-04-08 04:15:01'),
(2, 'Petugas P2U', 'p2u', 'Petugas Pintu Utama, 4 Regu mengikuti pola Rupam', '{\"P\":\"Pagi (RUPAM)\",\"S\":\"Siang (RUPAM)\",\"M\":\"Malam (RUPAM)\",\"I\":\"Libur\\/Istirahat\"}', '[\"I\",\"I\",\"S\",\"P-M\"]', 1, 2, 1, '2026-04-08 03:54:16', '2026-04-08 04:15:01'),
(3, 'Piket Bantuan Keamanan (Staff KPLP)', 'BANKAM_KPLP', 'Bantuan Keamanan dari Staff KPLP', NULL, NULL, 1, 3, 1, '2026-04-08 03:54:16', '2026-04-08 03:54:16'),
(4, 'Piket Bantuan Keamanan Tambahan', 'BANKAM_TAMBAHAN', 'Bantuan Keamanan Tambahan Ramadhan dll', NULL, NULL, 1, 4, 1, '2026-04-08 03:54:16', '2026-04-08 03:54:16'),
(5, 'Petugas Blok Wanita', 'blok_wanita', 'Penjagaan khusus blok hunian wanita', '{\"P\":\"Pagi (RUPAM)\"}', '[]', 0, 6, 1, '2026-04-08 03:54:16', '2026-04-08 04:15:01'),
(6, 'Piket Pengawas (Perwira Piket)', 'PAWAS', 'Perwira Piket / Pengawas', NULL, NULL, 0, 6, 1, '2026-04-08 03:54:16', '2026-04-08 03:54:16'),
(7, 'Piket Dapur', 'DAPUR', 'Piket Pengawasan Dapur', NULL, NULL, 0, 7, 1, '2026-04-08 03:54:16', '2026-04-08 03:54:16'),
(8, 'Layanan Kunjungan', 'KUNJUNGAN', 'Layanan Kunjungan Tatap Muka & Penitipan Barang', NULL, NULL, 1, 8, 1, '2026-04-08 03:54:16', '2026-04-08 03:54:16'),
(9, 'Staf Administrasi / Umum', 'staff', 'Pegawai dengan jam kerja kantor (07.30 - 14.30)', '{\"D\":\"Dinas Pagi\"}', '[]', 0, 5, 1, '2026-04-08 03:54:16', '2026-04-08 04:22:20'),
(10, 'CPNS Ramadhan', 'cpns_ramadhan', 'Jadwal khusus CPNS selama Bulan Suci Ramadhan', '{\"P\":\"Pagi (CPNS)\",\"M\":\"Malam (CPNS)\",\"I\":\"Istirahat\",\"S\":\"Siang (CPNS)\"}', '[\"P\",\"M\",\"I\",\"S\"]', 1, 3, 1, '2026-04-08 04:15:01', '2026-04-08 04:15:01'),
(11, 'Bankam Piket Malam', 'bankam_malam', 'Bantuan Keamanan Piket Malam (20.00-06.00)', '{\"M\":\"Malam (RUPAM)\"}', '[]', 0, 4, 1, '2026-04-08 04:15:01', '2026-04-08 04:15:01'),
(12, 'Staff KPLP', 'staff_kplp', 'Staf Kesatuan Pengamanan Lembaga Pemasyarakatan', '{\"D\":\"Dinas Pagi\"}', '[]', 0, 6, 1, '2026-04-08 04:15:01', '2026-04-08 04:22:20'),
(13, 'Pengawal Pembuangan Sampah', 'pengawal_sampah', 'Pengawalan tamping sampah pagi hari', '{\"P\":\"Pagi (RUPAM)\"}', '[]', 0, 7, 1, '2026-04-08 04:15:01', '2026-04-08 04:15:01'),
(14, 'Pengawas Piket Malam', 'pengawas_piket', 'Pejabat Struktural Pengawas Piket Malam & Libur', '{\"M\":\"Malam (RUPAM)\"}', '[]', 0, 8, 1, '2026-04-08 04:15:01', '2026-04-08 04:15:01'),
(15, 'Piket Hari Libur', 'piket_libur', 'Piket layanan tambahan pada hari sabtu/minggu/libur', '{\"P\":\"Pagi (RUPAM)\"}', '[]', 0, 9, 1, '2026-04-08 04:15:01', '2026-04-08 04:15:01'),
(16, 'Regu Pengamanan (RUPAM)', 'regu-pengamanan-rupam', 'Penjagaan rutin blok hunian dan lingkungan lapas oleh regu jaga.', NULL, '[1,3,\"I\",2]', 1, 0, 1, '2026-04-08 05:15:42', '2026-04-08 05:37:09'),
(17, 'Petugas P2U', 'petugas-p2u', 'Pengamanan Pintu Utama - Pemeriksaan lalin orang dan barang.', NULL, '[1,3,\"I\",2]', 1, 1, 1, '2026-04-08 05:15:42', '2026-04-08 05:37:09'),
(18, 'Piket Bantuan Keamanan (Staff KPLP)', 'piket-bantuan-keamanan-staff-kplp', 'Bantuan pengamanan oleh staf KPLP pada jam-jam rawan.', NULL, NULL, 0, 2, 1, '2026-04-08 05:15:42', '2026-04-08 05:15:42'),
(19, 'CPNS Ramadhan', 'cpns-ramadhan', 'Pola P-M-I-S sesuai Surat Perintah Orientasi Ramadhan 2026', NULL, '[\"P\",\"M\",\"I\",\"S\"]', 0, 3, 1, '2026-04-08 05:15:42', '2026-04-08 05:33:19'),
(20, 'Piket Bantuan Keamanan Tambahan', 'piket-bantuan-keamanan-tambahan', 'Piket bantuan keamanan di luar jadwal rutin staf.', NULL, NULL, 0, 4, 1, '2026-04-08 05:15:42', '2026-04-08 05:15:42'),
(21, 'Bankam Piket Malam', 'bankam-piket-malam', 'Bantuan keamanan khusus waktu malam hari.', NULL, NULL, 0, 5, 1, '2026-04-08 05:15:42', '2026-04-08 05:15:42'),
(22, 'Staf Administrasi / Umum', 'staf-administrasi-umum', 'Tugas administrasi rutin kantor.', NULL, '[11,11,11,11,11,\"I\",\"I\"]', 0, 6, 1, '2026-04-08 05:15:42', '2026-04-08 05:37:09'),
(23, 'Petugas Blok Wanita', 'petugas-blok-wanita', 'Pengamanan khusus area hunian wanita.', NULL, NULL, 0, 7, 1, '2026-04-08 05:15:42', '2026-04-08 05:15:42'),
(24, 'Piket Pengawas (Perwira Piket)', 'piket-pengawas-perwira-piket', 'Pimpinan pengamanan pada shift berjalan.', NULL, NULL, 0, 8, 1, '2026-04-08 05:15:42', '2026-04-08 05:15:42'),
(25, 'Staff KPLP', 'staff-kplp', 'Personel operasional Kesatuan Pengamanan Lapas.', NULL, NULL, 0, 9, 1, '2026-04-08 05:15:42', '2026-04-08 05:15:42'),
(26, 'Piket Dapur', 'piket-dapur', 'Pengawasan distribusi makanan dan kebersihan dapur.', NULL, NULL, 0, 10, 1, '2026-04-08 05:15:42', '2026-04-08 05:15:42'),
(27, 'Pengawal Pembuangan Sampah', 'pengawal-pembuangan-sampah', 'Pengawalan warga binaan mengeluarkan sampah.', NULL, NULL, 0, 11, 1, '2026-04-08 05:15:42', '2026-04-08 05:15:42'),
(28, 'Layanan Kunjungan', 'layanan-kunjungan', 'Piket pada jam layanan kunjungan tatap muka/online.', NULL, NULL, 0, 12, 1, '2026-04-08 05:15:42', '2026-04-08 05:15:42'),
(29, 'Pengawas Piket Malam', 'pengawas-piket-malam', 'Perwira kontrol keliling pada malam hari.', NULL, NULL, 0, 13, 1, '2026-04-08 05:15:42', '2026-04-08 05:15:42'),
(30, 'Piket Hari Libur', 'piket-hari-libur', 'Pengamanan ekstra pada hari sabtu, minggu, dan libur nasional.', NULL, NULL, 0, 14, 1, '2026-04-08 05:15:42', '2026-04-08 05:15:42'),
(31, 'CPNS Orientasi Staf', 'cpns-orientasi-staf', 'Pola Orientasi-I-P sesuai Surat Perintah Orientasi Ramadhan 2026', NULL, '[\"L\",\"I\",\"P\"]', 0, 0, 1, '2026-04-08 05:33:19', '2026-04-08 05:33:19'),
(32, 'CPNS Orientasi Wanita (Blok W)', 'cpns-orientasi-wanita', 'Pola Orientasi-I-P-i sesuai Surat Perintah Orientasi Ramadhan 2026', NULL, '[\"P\",\"I\",\"P\",\"i\"]', 0, 0, 1, '2026-04-08 05:33:19', '2026-04-08 05:33:19');

-- --------------------------------------------------------

--
-- Struktur dari tabel `sessions`
--

CREATE TABLE `sessions` (
  `id` varchar(255) NOT NULL,
  `user_id` bigint(20) UNSIGNED DEFAULT NULL,
  `ip_address` varchar(45) DEFAULT NULL,
  `user_agent` text DEFAULT NULL,
  `payload` longtext NOT NULL,
  `last_activity` int(11) NOT NULL
) ENGINE=InnoDB DEFAULT CHARSET=utf8mb4 COLLATE=utf8mb4_unicode_ci;

--
-- Dumping data untuk tabel `sessions`
--

INSERT INTO `sessions` (`id`, `user_id`, `ip_address`, `user_agent`, `payload`, `last_activity`) VALUES
('Iq7sKJbAodCuPN3PGIktlUCELKkF3lLurRN1kjDc', 1, '127.0.0.1', 'Mozilla/5.0 (Windows NT 10.0; Win64; x64) AppleWebKit/537.36 (KHTML, like Gecko) Chrome/147.0.0.0 Safari/537.36', 'YTo0OntzOjY6Il90b2tlbiI7czo0MDoiYVc4UUkzSHhaREtSeHowWFVPdUxReXlNQ0JkU1JwZXNVWUxiYlN3bSI7czo5OiJfcHJldmlvdXMiO2E6Mjp7czozOiJ1cmwiO3M6NDM6Imh0dHA6Ly8xMjcuMC4wLjE6ODAwMC9zZXR0aW5ncy9ydW5uaW5nLXRleHQiO3M6NToicm91dGUiO3M6MjE6InNldHRpbmdzLnJ1bm5pbmctdGV4dCI7fXM6NjoiX2ZsYXNoIjthOjI6e3M6Mzoib2xkIjthOjA6e31zOjM6Im5ldyI7YTowOnt9fXM6NTA6ImxvZ2luX3dlYl81OWJhMzZhZGRjMmIyZjk0MDE1ODBmMDE0YzdmNThlYTRlMzA5ODlkIjtpOjE7fQ==', 1777039934);

-- --------------------------------------------------------

--
-- Struktur dari tabel `settings`
--

CREATE TABLE `settings` (
  `id` bigint(20) UNSIGNED NOT NULL,
  `key` varchar(255) NOT NULL,
  `value` text DEFAULT NULL,
  `created_at` timestamp NULL DEFAULT NULL,
  `updated_at` timestamp NULL DEFAULT NULL
) ENGINE=InnoDB DEFAULT CHARSET=utf8mb4 COLLATE=utf8mb4_unicode_ci;

--
-- Dumping data untuk tabel `settings`
--

INSERT INTO `settings` (`id`, `key`, `value`, `created_at`, `updated_at`) VALUES
(1, 'announcement', NULL, '2026-04-01 07:13:59', '2026-04-01 07:13:59'),
(2, 'widget_stats', 'on', '2026-04-01 07:13:59', '2026-04-01 07:13:59'),
(3, 'widget_employees', 'on', '2026-04-01 07:13:59', '2026-04-01 07:13:59'),
(4, 'widget_chart', 'on', '2026-04-01 07:13:59', '2026-04-01 07:13:59'),
(5, 'widget_activity', 'on', '2026-04-01 07:13:59', '2026-04-01 07:13:59'),
(6, 'widget_compliance', 'on', '2026-04-01 07:13:59', '2026-04-02 04:36:55'),
(7, 'widget_feed', 'on', '2026-04-01 07:13:59', '2026-04-01 07:13:59'),
(8, 'watermark_enabled', 'on', '2026-04-01 07:13:59', '2026-04-01 07:13:59'),
(9, 'watermark_text', 'SINERGI PAS JOMBANG', '2026-04-01 07:13:59', '2026-04-01 07:13:59'),
(10, 'kop_line_1', 'KEMENTERIAN IMIGRASI DAN PEMASYARAKATAN RI', '2026-04-01 07:13:59', '2026-04-07 07:41:05'),
(11, 'kop_line_2', 'KANTOR WILAYAH KEMENTERIAN IMIGRASI DAN PEMASYARAKATAN', '2026-04-01 07:13:59', '2026-04-07 07:41:05'),
(12, 'kop_address', 'Jl. KH. Wahid Hasyim No. 123, Jombang', '2026-04-01 07:13:59', '2026-04-01 07:13:59'),
(13, 'running_text_speed', '30', '2026-04-02 04:36:55', '2026-04-05 03:00:27'),
(14, 'running_text_bg', '#353846', '2026-04-02 04:36:55', '2026-04-02 04:46:08'),
(15, 'running_text_color', '#ffffff', '2026-04-02 04:36:55', '2026-04-02 04:46:08');

-- --------------------------------------------------------

--
-- Struktur dari tabel `shifts`
--

CREATE TABLE `shifts` (
  `id` bigint(20) UNSIGNED NOT NULL,
  `name` varchar(255) NOT NULL,
  `start_time` time NOT NULL,
  `end_time` time NOT NULL,
  `is_next_day` tinyint(1) NOT NULL DEFAULT 0,
  `created_at` timestamp NULL DEFAULT NULL,
  `updated_at` timestamp NULL DEFAULT NULL
) ENGINE=InnoDB DEFAULT CHARSET=utf8mb4 COLLATE=utf8mb4_unicode_ci;

--
-- Dumping data untuk tabel `shifts`
--

INSERT INTO `shifts` (`id`, `name`, `start_time`, `end_time`, `is_next_day`, `created_at`, `updated_at`) VALUES
(1, 'Pagi', '07:00:00', '03:00:00', 0, '2026-04-06 04:17:35', '2026-04-06 04:17:35'),
(2, 'Siang', '15:00:00', '12:00:00', 0, '2026-04-06 04:18:11', '2026-04-06 04:18:11'),
(3, 'Malam', '00:00:00', '07:00:00', 1, '2026-04-06 04:18:43', '2026-04-06 04:18:43'),
(4, 'Pagi (RUPAM)', '06:00:00', '13:00:00', 0, '2026-04-08 04:15:00', '2026-04-08 04:15:00'),
(5, 'Siang (RUPAM)', '13:00:00', '20:00:00', 0, '2026-04-08 04:15:00', '2026-04-08 04:15:00'),
(6, 'Malam (RUPAM)', '20:00:00', '06:00:00', 1, '2026-04-08 04:15:00', '2026-04-08 04:15:00'),
(7, 'Pagi (CPNS)', '06:00:00', '16:00:00', 0, '2026-04-08 04:15:00', '2026-04-08 04:15:00'),
(8, 'Siang (CPNS)', '08:00:00', '20:00:00', 0, '2026-04-08 04:15:00', '2026-04-08 04:15:00'),
(9, 'Malam (CPNS)', '20:00:00', '06:00:00', 1, '2026-04-08 04:15:00', '2026-04-08 04:15:00'),
(10, 'Orientasi', '06:30:00', '16:00:00', 0, '2026-04-08 04:15:00', '2026-04-08 04:15:00'),
(11, 'Dinas Pagi', '07:30:00', '14:30:00', 0, '2026-04-08 04:15:00', '2026-04-08 04:15:00'),
(12, 'Pagi (P)', '06:00:00', '16:00:00', 0, '2026-04-08 05:33:19', '2026-04-08 05:33:19'),
(13, 'Siang (S)', '08:00:00', '20:00:00', 0, '2026-04-08 05:33:19', '2026-04-08 05:33:19'),
(14, 'Malam (M)', '20:00:00', '06:00:00', 1, '2026-04-08 05:33:19', '2026-04-08 05:33:19'),
(15, 'Orientasi (L)', '08:00:00', '16:30:00', 0, '2026-04-08 05:33:19', '2026-04-08 05:33:19'),
(16, 'Orientasi (P)', '06:30:00', '16:00:00', 0, '2026-04-08 05:33:19', '2026-04-08 05:33:19'),
(17, 'Piket Blok W (Pi)', '06:00:00', '16:00:00', 0, '2026-04-08 05:33:19', '2026-04-08 05:33:19');

-- --------------------------------------------------------

--
-- Struktur dari tabel `squads`
--

CREATE TABLE `squads` (
  `id` bigint(20) UNSIGNED NOT NULL,
  `name` varchar(255) NOT NULL,
  `type` enum('regu','p2u') NOT NULL DEFAULT 'regu',
  `description` varchar(255) DEFAULT NULL,
  `created_at` timestamp NULL DEFAULT NULL,
  `updated_at` timestamp NULL DEFAULT NULL,
  `schedule_type_id` bigint(20) UNSIGNED DEFAULT NULL
) ENGINE=InnoDB DEFAULT CHARSET=utf8mb4 COLLATE=utf8mb4_unicode_ci;

--
-- Dumping data untuk tabel `squads`
--

INSERT INTO `squads` (`id`, `name`, `type`, `description`, `created_at`, `updated_at`, `schedule_type_id`) VALUES
(128, 'Regu A', 'regu', 'Regu Pengamanan Regu A', '2026-04-24 02:46:07', '2026-04-24 02:46:07', 1),
(129, 'Regu B', 'regu', 'Regu Pengamanan Regu B', '2026-04-24 02:46:07', '2026-04-24 02:46:07', 1),
(130, 'Regu C', 'regu', 'Regu Pengamanan Regu C', '2026-04-24 02:46:07', '2026-04-24 02:46:07', 1),
(131, 'Regu D', 'regu', 'Regu Pengamanan Regu D', '2026-04-24 02:46:07', '2026-04-24 02:46:07', 1),
(133, 'Regu A', 'p2u', 'Regu P2U Regu A', '2026-04-24 02:47:01', '2026-04-24 02:47:01', 2),
(134, 'Regu B', 'p2u', 'Regu P2U Regu B', '2026-04-24 02:47:01', '2026-04-24 02:47:01', 2),
(135, 'Regu C', 'p2u', 'Regu P2U Regu C', '2026-04-24 02:47:01', '2026-04-24 02:47:01', 2),
(136, 'Regu D', 'p2u', 'Regu P2U Regu D', '2026-04-24 02:47:01', '2026-04-24 02:47:01', 2);

-- --------------------------------------------------------

--
-- Struktur dari tabel `squad_schedules`
--

CREATE TABLE `squad_schedules` (
  `id` bigint(20) UNSIGNED NOT NULL,
  `squad_id` bigint(20) UNSIGNED NOT NULL,
  `shift_id` bigint(20) UNSIGNED NOT NULL,
  `date` date NOT NULL,
  `created_at` timestamp NULL DEFAULT NULL,
  `updated_at` timestamp NULL DEFAULT NULL
) ENGINE=InnoDB DEFAULT CHARSET=utf8mb4 COLLATE=utf8mb4_unicode_ci;

--
-- Dumping data untuk tabel `squad_schedules`
--

INSERT INTO `squad_schedules` (`id`, `squad_id`, `shift_id`, `date`, `created_at`, `updated_at`) VALUES
(4, 128, 1, '2026-04-01', '2026-04-24 05:10:11', '2026-04-24 05:10:11'),
(5, 129, 2, '2026-04-01', '2026-04-24 05:10:11', '2026-04-24 05:10:11'),
(6, 130, 3, '2026-04-01', '2026-04-24 05:10:11', '2026-04-24 05:10:11'),
(7, 131, 1, '2026-04-02', '2026-04-24 05:10:11', '2026-04-24 05:10:11'),
(12, 128, 3, '2026-04-03', '2026-04-24 05:10:11', '2026-04-24 05:10:11'),
(13, 129, 1, '2026-04-04', '2026-04-24 05:10:11', '2026-04-24 05:10:11'),
(14, 130, 2, '2026-04-04', '2026-04-24 05:10:11', '2026-04-24 05:10:11'),
(15, 131, 3, '2026-04-04', '2026-04-24 05:10:11', '2026-04-24 05:10:11'),
(20, 128, 2, '2026-04-06', '2026-04-24 05:10:11', '2026-04-24 05:10:11'),
(21, 129, 3, '2026-04-06', '2026-04-24 05:10:11', '2026-04-24 05:10:11'),
(22, 130, 1, '2026-04-07', '2026-04-24 05:10:11', '2026-04-24 05:10:11'),
(23, 131, 2, '2026-04-07', '2026-04-24 05:10:11', '2026-04-24 05:10:11'),
(28, 128, 1, '2026-04-09', '2026-04-24 05:10:11', '2026-04-24 05:10:11'),
(29, 129, 2, '2026-04-09', '2026-04-24 05:10:11', '2026-04-24 05:10:11'),
(30, 130, 3, '2026-04-09', '2026-04-24 05:10:11', '2026-04-24 05:10:11'),
(31, 131, 1, '2026-04-10', '2026-04-24 05:10:11', '2026-04-24 05:10:11'),
(36, 128, 3, '2026-04-11', '2026-04-24 05:10:11', '2026-04-24 05:10:11'),
(37, 129, 1, '2026-04-12', '2026-04-24 05:10:11', '2026-04-24 05:10:11'),
(38, 130, 2, '2026-04-12', '2026-04-24 05:10:11', '2026-04-24 05:10:11'),
(39, 131, 3, '2026-04-12', '2026-04-24 05:10:11', '2026-04-24 05:10:11'),
(44, 128, 2, '2026-04-14', '2026-04-24 05:10:11', '2026-04-24 05:10:11'),
(45, 129, 3, '2026-04-14', '2026-04-24 05:10:11', '2026-04-24 05:10:11'),
(46, 130, 1, '2026-04-15', '2026-04-24 05:10:11', '2026-04-24 05:10:11'),
(47, 131, 2, '2026-04-15', '2026-04-24 05:10:11', '2026-04-24 05:10:11'),
(52, 128, 1, '2026-04-17', '2026-04-24 05:10:12', '2026-04-24 05:10:12'),
(53, 129, 2, '2026-04-17', '2026-04-24 05:10:12', '2026-04-24 05:10:12'),
(54, 130, 3, '2026-04-17', '2026-04-24 05:10:12', '2026-04-24 05:10:12'),
(55, 131, 1, '2026-04-18', '2026-04-24 05:10:12', '2026-04-24 05:10:12'),
(60, 128, 3, '2026-04-19', '2026-04-24 05:10:12', '2026-04-24 05:10:12'),
(61, 129, 1, '2026-04-20', '2026-04-24 05:10:12', '2026-04-24 05:10:12'),
(62, 130, 2, '2026-04-20', '2026-04-24 05:10:12', '2026-04-24 05:10:12'),
(63, 131, 3, '2026-04-20', '2026-04-24 05:10:12', '2026-04-24 05:10:12'),
(68, 128, 2, '2026-04-22', '2026-04-24 05:10:12', '2026-04-24 05:10:12'),
(69, 129, 3, '2026-04-22', '2026-04-24 05:10:12', '2026-04-24 05:10:12'),
(70, 130, 1, '2026-04-23', '2026-04-24 05:10:12', '2026-04-24 05:10:12'),
(71, 131, 2, '2026-04-23', '2026-04-24 05:10:12', '2026-04-24 05:10:12'),
(76, 128, 1, '2026-04-25', '2026-04-24 05:10:12', '2026-04-24 05:10:12'),
(77, 129, 2, '2026-04-25', '2026-04-24 05:10:12', '2026-04-24 05:10:12'),
(78, 130, 3, '2026-04-25', '2026-04-24 05:10:12', '2026-04-24 05:10:12'),
(79, 131, 1, '2026-04-26', '2026-04-24 05:10:12', '2026-04-24 05:10:12'),
(84, 128, 3, '2026-04-27', '2026-04-24 05:10:12', '2026-04-24 05:10:12'),
(85, 129, 1, '2026-04-28', '2026-04-24 05:10:12', '2026-04-24 05:10:12'),
(86, 130, 2, '2026-04-28', '2026-04-24 05:10:12', '2026-04-24 05:10:12'),
(87, 131, 3, '2026-04-28', '2026-04-24 05:10:12', '2026-04-24 05:10:12'),
(92, 128, 2, '2026-04-30', '2026-04-24 05:10:12', '2026-04-24 05:10:12'),
(93, 129, 3, '2026-04-30', '2026-04-24 05:10:12', '2026-04-24 05:10:12'),
(94, 133, 1, '2026-04-01', '2026-04-24 05:12:01', '2026-04-24 05:12:01'),
(95, 134, 2, '2026-04-01', '2026-04-24 05:12:01', '2026-04-24 05:12:01'),
(96, 135, 3, '2026-04-01', '2026-04-24 05:12:01', '2026-04-24 05:12:01'),
(97, 136, 1, '2026-04-02', '2026-04-24 05:12:01', '2026-04-24 05:12:01'),
(98, 133, 2, '2026-04-02', '2026-04-24 05:12:01', '2026-04-24 05:12:01'),
(99, 134, 3, '2026-04-02', '2026-04-24 05:12:01', '2026-04-24 05:12:01'),
(100, 135, 1, '2026-04-03', '2026-04-24 05:12:01', '2026-04-24 05:12:01'),
(101, 136, 2, '2026-04-03', '2026-04-24 05:12:01', '2026-04-24 05:12:01'),
(102, 133, 3, '2026-04-03', '2026-04-24 05:12:01', '2026-04-24 05:12:01'),
(103, 134, 1, '2026-04-04', '2026-04-24 05:12:01', '2026-04-24 05:12:01'),
(104, 135, 2, '2026-04-04', '2026-04-24 05:12:01', '2026-04-24 05:12:01'),
(106, 133, 1, '2026-04-05', '2026-04-24 05:12:01', '2026-04-24 05:12:01'),
(107, 134, 2, '2026-04-05', '2026-04-24 05:12:01', '2026-04-24 05:12:01'),
(108, 135, 3, '2026-04-05', '2026-04-24 05:12:01', '2026-04-24 05:12:01'),
(109, 136, 1, '2026-04-06', '2026-04-24 05:12:01', '2026-04-24 05:12:01'),
(110, 133, 2, '2026-04-06', '2026-04-24 05:12:01', '2026-04-24 05:12:01'),
(111, 134, 3, '2026-04-06', '2026-04-24 05:12:01', '2026-04-24 05:12:01'),
(112, 135, 1, '2026-04-07', '2026-04-24 05:12:01', '2026-04-24 05:12:01'),
(113, 136, 2, '2026-04-07', '2026-04-24 05:12:01', '2026-04-24 05:12:01'),
(114, 133, 3, '2026-04-07', '2026-04-24 05:12:01', '2026-04-24 05:12:01'),
(115, 134, 1, '2026-04-08', '2026-04-24 05:12:01', '2026-04-24 05:12:01'),
(116, 135, 2, '2026-04-08', '2026-04-24 05:12:01', '2026-04-24 05:12:01'),
(117, 136, 3, '2026-04-08', '2026-04-24 05:12:01', '2026-04-24 05:12:01'),
(118, 133, 1, '2026-04-09', '2026-04-24 05:12:01', '2026-04-24 05:12:01'),
(119, 134, 2, '2026-04-09', '2026-04-24 05:12:01', '2026-04-24 05:12:01'),
(120, 135, 3, '2026-04-09', '2026-04-24 05:12:01', '2026-04-24 05:12:01'),
(121, 136, 1, '2026-04-10', '2026-04-24 05:12:01', '2026-04-24 05:12:01'),
(122, 133, 2, '2026-04-10', '2026-04-24 05:12:01', '2026-04-24 05:12:01'),
(123, 134, 3, '2026-04-10', '2026-04-24 05:12:01', '2026-04-24 05:12:01'),
(124, 135, 1, '2026-04-11', '2026-04-24 05:12:01', '2026-04-24 05:12:01'),
(125, 136, 2, '2026-04-11', '2026-04-24 05:12:01', '2026-04-24 05:12:01'),
(126, 133, 3, '2026-04-11', '2026-04-24 05:12:01', '2026-04-24 05:12:01'),
(127, 134, 1, '2026-04-12', '2026-04-24 05:12:01', '2026-04-24 05:12:01'),
(128, 135, 2, '2026-04-12', '2026-04-24 05:12:01', '2026-04-24 05:12:01'),
(129, 136, 3, '2026-04-12', '2026-04-24 05:12:01', '2026-04-24 05:12:01'),
(130, 133, 1, '2026-04-13', '2026-04-24 05:12:01', '2026-04-24 05:12:01'),
(131, 134, 2, '2026-04-13', '2026-04-24 05:12:01', '2026-04-24 05:12:01'),
(132, 135, 3, '2026-04-13', '2026-04-24 05:12:01', '2026-04-24 05:12:01'),
(133, 136, 1, '2026-04-14', '2026-04-24 05:12:01', '2026-04-24 05:12:01'),
(134, 133, 2, '2026-04-14', '2026-04-24 05:12:01', '2026-04-24 05:12:01'),
(135, 134, 3, '2026-04-14', '2026-04-24 05:12:01', '2026-04-24 05:12:01'),
(136, 135, 1, '2026-04-15', '2026-04-24 05:12:01', '2026-04-24 05:12:01'),
(137, 136, 2, '2026-04-15', '2026-04-24 05:12:01', '2026-04-24 05:12:01'),
(138, 133, 3, '2026-04-15', '2026-04-24 05:12:01', '2026-04-24 05:12:01'),
(139, 134, 1, '2026-04-16', '2026-04-24 05:12:01', '2026-04-24 05:12:01'),
(140, 135, 2, '2026-04-16', '2026-04-24 05:12:01', '2026-04-24 05:12:01'),
(141, 136, 3, '2026-04-16', '2026-04-24 05:12:01', '2026-04-24 05:12:01'),
(142, 133, 1, '2026-04-17', '2026-04-24 05:12:01', '2026-04-24 05:12:01'),
(143, 134, 2, '2026-04-17', '2026-04-24 05:12:01', '2026-04-24 05:12:01'),
(144, 135, 3, '2026-04-17', '2026-04-24 05:12:01', '2026-04-24 05:12:01'),
(145, 136, 1, '2026-04-18', '2026-04-24 05:12:01', '2026-04-24 05:12:01'),
(146, 133, 2, '2026-04-18', '2026-04-24 05:12:01', '2026-04-24 05:12:01'),
(147, 134, 3, '2026-04-18', '2026-04-24 05:12:01', '2026-04-24 05:12:01'),
(148, 135, 1, '2026-04-19', '2026-04-24 05:12:01', '2026-04-24 05:12:01'),
(149, 136, 2, '2026-04-19', '2026-04-24 05:12:01', '2026-04-24 05:12:01'),
(150, 133, 3, '2026-04-19', '2026-04-24 05:12:01', '2026-04-24 05:12:01'),
(151, 134, 1, '2026-04-20', '2026-04-24 05:12:01', '2026-04-24 05:12:01'),
(152, 135, 2, '2026-04-20', '2026-04-24 05:12:01', '2026-04-24 05:12:01'),
(153, 136, 3, '2026-04-20', '2026-04-24 05:12:01', '2026-04-24 05:12:01'),
(154, 133, 1, '2026-04-21', '2026-04-24 05:12:01', '2026-04-24 05:12:01'),
(155, 134, 2, '2026-04-21', '2026-04-24 05:12:01', '2026-04-24 05:12:01'),
(156, 135, 3, '2026-04-21', '2026-04-24 05:12:01', '2026-04-24 05:12:01'),
(157, 136, 1, '2026-04-22', '2026-04-24 05:12:01', '2026-04-24 05:12:01'),
(158, 133, 2, '2026-04-22', '2026-04-24 05:12:01', '2026-04-24 05:12:01'),
(159, 134, 3, '2026-04-22', '2026-04-24 05:12:01', '2026-04-24 05:12:01'),
(160, 135, 1, '2026-04-23', '2026-04-24 05:12:01', '2026-04-24 05:12:01'),
(161, 136, 2, '2026-04-23', '2026-04-24 05:12:01', '2026-04-24 05:12:01'),
(162, 133, 3, '2026-04-23', '2026-04-24 05:12:01', '2026-04-24 05:12:01'),
(163, 134, 1, '2026-04-24', '2026-04-24 05:12:01', '2026-04-24 05:12:01'),
(164, 135, 2, '2026-04-24', '2026-04-24 05:12:01', '2026-04-24 05:12:01'),
(165, 136, 3, '2026-04-24', '2026-04-24 05:12:01', '2026-04-24 05:12:01'),
(166, 133, 1, '2026-04-25', '2026-04-24 05:12:01', '2026-04-24 05:12:01'),
(167, 134, 2, '2026-04-25', '2026-04-24 05:12:01', '2026-04-24 05:12:01'),
(168, 135, 3, '2026-04-25', '2026-04-24 05:12:01', '2026-04-24 05:12:01'),
(169, 136, 1, '2026-04-26', '2026-04-24 05:12:01', '2026-04-24 05:12:01'),
(170, 133, 2, '2026-04-26', '2026-04-24 05:12:01', '2026-04-24 05:12:01'),
(171, 134, 3, '2026-04-26', '2026-04-24 05:12:01', '2026-04-24 05:12:01'),
(172, 135, 1, '2026-04-27', '2026-04-24 05:12:01', '2026-04-24 05:12:01'),
(173, 136, 2, '2026-04-27', '2026-04-24 05:12:01', '2026-04-24 05:12:01'),
(174, 133, 3, '2026-04-27', '2026-04-24 05:12:01', '2026-04-24 05:12:01'),
(175, 134, 1, '2026-04-28', '2026-04-24 05:12:01', '2026-04-24 05:12:01'),
(176, 135, 2, '2026-04-28', '2026-04-24 05:12:01', '2026-04-24 05:12:01'),
(177, 136, 3, '2026-04-28', '2026-04-24 05:12:01', '2026-04-24 05:12:01'),
(178, 133, 1, '2026-04-29', '2026-04-24 05:12:01', '2026-04-24 05:12:01'),
(179, 134, 2, '2026-04-29', '2026-04-24 05:12:01', '2026-04-24 05:12:01'),
(180, 135, 3, '2026-04-29', '2026-04-24 05:12:01', '2026-04-24 05:12:01'),
(181, 136, 1, '2026-04-30', '2026-04-24 05:12:01', '2026-04-24 05:12:01'),
(182, 133, 2, '2026-04-30', '2026-04-24 05:12:01', '2026-04-24 05:12:01'),
(183, 134, 3, '2026-04-30', '2026-04-24 05:12:01', '2026-04-24 05:12:01'),
(185, 136, 3, '2026-04-04', '2026-04-24 05:36:30', '2026-04-24 05:36:30'),
(186, 128, 2, '2026-04-02', '2026-04-24 06:39:52', '2026-04-24 06:39:52'),
(187, 129, 3, '2026-04-02', '2026-04-24 06:39:52', '2026-04-24 06:39:52'),
(188, 130, 1, '2026-04-03', '2026-04-24 06:39:52', '2026-04-24 06:39:52'),
(189, 131, 2, '2026-04-03', '2026-04-24 06:39:52', '2026-04-24 06:39:52'),
(190, 128, 1, '2026-04-05', '2026-04-24 06:39:52', '2026-04-24 06:39:52'),
(191, 129, 2, '2026-04-05', '2026-04-24 06:39:52', '2026-04-24 06:39:52'),
(192, 130, 3, '2026-04-05', '2026-04-24 06:39:52', '2026-04-24 06:39:52'),
(193, 131, 1, '2026-04-06', '2026-04-24 06:39:52', '2026-04-24 06:39:52'),
(194, 128, 3, '2026-04-07', '2026-04-24 06:39:52', '2026-04-24 06:39:52'),
(195, 129, 1, '2026-04-08', '2026-04-24 06:39:52', '2026-04-24 06:39:52'),
(196, 130, 2, '2026-04-08', '2026-04-24 06:39:52', '2026-04-24 06:39:52'),
(197, 131, 3, '2026-04-08', '2026-04-24 06:39:52', '2026-04-24 06:39:52'),
(198, 128, 2, '2026-04-10', '2026-04-24 06:39:52', '2026-04-24 06:39:52'),
(199, 129, 3, '2026-04-10', '2026-04-24 06:39:52', '2026-04-24 06:39:52'),
(200, 130, 1, '2026-04-11', '2026-04-24 06:39:52', '2026-04-24 06:39:52'),
(201, 131, 2, '2026-04-11', '2026-04-24 06:39:52', '2026-04-24 06:39:52'),
(202, 128, 1, '2026-04-13', '2026-04-24 06:39:52', '2026-04-24 06:39:52'),
(203, 129, 2, '2026-04-13', '2026-04-24 06:39:52', '2026-04-24 06:39:52'),
(204, 130, 3, '2026-04-13', '2026-04-24 06:39:52', '2026-04-24 06:39:52'),
(205, 131, 1, '2026-04-14', '2026-04-24 06:39:52', '2026-04-24 06:39:52'),
(206, 128, 3, '2026-04-15', '2026-04-24 06:39:52', '2026-04-24 06:39:52'),
(207, 129, 1, '2026-04-16', '2026-04-24 06:39:52', '2026-04-24 06:39:52'),
(208, 130, 2, '2026-04-16', '2026-04-24 06:39:52', '2026-04-24 06:39:52'),
(209, 131, 3, '2026-04-16', '2026-04-24 06:39:52', '2026-04-24 06:39:52'),
(210, 128, 2, '2026-04-18', '2026-04-24 06:39:52', '2026-04-24 06:39:52'),
(211, 129, 3, '2026-04-18', '2026-04-24 06:39:52', '2026-04-24 06:39:52'),
(212, 130, 1, '2026-04-19', '2026-04-24 06:39:52', '2026-04-24 06:39:52'),
(213, 131, 2, '2026-04-19', '2026-04-24 06:39:52', '2026-04-24 06:39:52'),
(214, 128, 1, '2026-04-21', '2026-04-24 06:39:52', '2026-04-24 06:39:52'),
(215, 129, 2, '2026-04-21', '2026-04-24 06:39:52', '2026-04-24 06:39:52'),
(216, 130, 3, '2026-04-21', '2026-04-24 06:39:52', '2026-04-24 06:39:52'),
(217, 131, 1, '2026-04-22', '2026-04-24 06:39:52', '2026-04-24 06:39:52'),
(218, 128, 3, '2026-04-23', '2026-04-24 06:39:52', '2026-04-24 06:39:52'),
(219, 129, 1, '2026-04-24', '2026-04-24 06:39:52', '2026-04-24 06:39:52'),
(220, 130, 2, '2026-04-24', '2026-04-24 06:39:52', '2026-04-24 06:39:52'),
(221, 131, 3, '2026-04-24', '2026-04-24 06:39:52', '2026-04-24 06:39:52'),
(222, 128, 2, '2026-04-26', '2026-04-24 06:39:52', '2026-04-24 06:39:52'),
(223, 129, 3, '2026-04-26', '2026-04-24 06:39:52', '2026-04-24 06:39:52'),
(224, 130, 1, '2026-04-27', '2026-04-24 06:39:52', '2026-04-24 06:39:52'),
(225, 131, 2, '2026-04-27', '2026-04-24 06:39:52', '2026-04-24 06:39:52'),
(226, 128, 1, '2026-04-29', '2026-04-24 06:39:52', '2026-04-24 06:39:52'),
(227, 129, 2, '2026-04-29', '2026-04-24 06:39:52', '2026-04-24 06:39:52'),
(228, 130, 3, '2026-04-29', '2026-04-24 06:39:52', '2026-04-24 06:39:52'),
(229, 131, 1, '2026-04-30', '2026-04-24 06:39:52', '2026-04-24 06:39:52');

-- --------------------------------------------------------

--
-- Struktur dari tabel `tunkins`
--

CREATE TABLE `tunkins` (
  `id` bigint(20) UNSIGNED NOT NULL,
  `grade` int(11) NOT NULL,
  `nominal` decimal(15,2) NOT NULL,
  `created_at` timestamp NULL DEFAULT NULL,
  `updated_at` timestamp NULL DEFAULT NULL
) ENGINE=InnoDB DEFAULT CHARSET=utf8mb4 COLLATE=utf8mb4_unicode_ci;

--
-- Dumping data untuk tabel `tunkins`
--

INSERT INTO `tunkins` (`id`, `grade`, `nominal`, `created_at`, `updated_at`) VALUES
(1, 17, 33240000.00, '2026-04-24 04:04:32', '2026-04-24 04:04:32'),
(2, 16, 27577500.00, '2026-04-24 04:04:32', '2026-04-24 04:04:32'),
(3, 15, 19280000.00, '2026-04-24 04:04:32', '2026-04-24 04:04:32'),
(4, 14, 17064000.00, '2026-04-24 04:04:32', '2026-04-24 04:04:32'),
(5, 13, 10936000.00, '2026-04-24 04:04:32', '2026-04-24 04:04:32'),
(6, 12, 9896000.00, '2026-04-24 04:04:33', '2026-04-24 04:04:33'),
(7, 11, 8757600.00, '2026-04-24 04:04:33', '2026-04-24 04:04:33'),
(8, 10, 5979200.00, '2026-04-24 04:04:33', '2026-04-24 04:04:33'),
(9, 9, 5079200.00, '2026-04-24 04:04:33', '2026-04-24 04:04:33'),
(10, 8, 4595150.00, '2026-04-24 04:04:33', '2026-04-24 04:04:33'),
(11, 7, 3915950.00, '2026-04-24 04:04:33', '2026-04-24 04:04:33'),
(12, 6, 3510400.00, '2026-04-24 04:04:33', '2026-04-24 04:04:33'),
(13, 5, 3134250.00, '2026-04-24 04:04:33', '2026-04-24 04:04:33'),
(14, 4, 2985000.00, '2026-04-24 04:04:33', '2026-04-24 04:04:33'),
(15, 3, 2898000.00, '2026-04-24 04:04:33', '2026-04-24 04:04:33'),
(16, 2, 2708250.00, '2026-04-24 04:04:33', '2026-04-24 04:04:33'),
(17, 1, 2531250.00, '2026-04-24 04:04:33', '2026-04-24 04:04:33');

-- --------------------------------------------------------

--
-- Struktur dari tabel `users`
--

CREATE TABLE `users` (
  `id` bigint(20) UNSIGNED NOT NULL,
  `name` varchar(255) NOT NULL,
  `email` varchar(255) NOT NULL,
  `email_verified_at` timestamp NULL DEFAULT NULL,
  `password` varchar(255) NOT NULL,
  `role` enum('superadmin','pegawai') NOT NULL DEFAULT 'pegawai',
  `remember_token` varchar(100) DEFAULT NULL,
  `created_at` timestamp NULL DEFAULT NULL,
  `updated_at` timestamp NULL DEFAULT NULL
) ENGINE=InnoDB DEFAULT CHARSET=utf8mb4 COLLATE=utf8mb4_unicode_ci;

--
-- Dumping data untuk tabel `users`
--

INSERT INTO `users` (`id`, `name`, `email`, `email_verified_at`, `password`, `role`, `remember_token`, `created_at`, `updated_at`) VALUES
(1, 'Super Admin', 'admin@sinergipas.test', NULL, '$2y$12$P6nM0UUnRyzWf3qtd7VnAesr.25yEhsItsRxl9olpE.3yR.2ZdrV6', 'superadmin', NULL, '2026-03-31 22:07:57', '2026-03-31 22:07:57'),
(117, 'ABDUL KHAFIDZ', 'havidz.survival@gmail.com', NULL, '$2y$12$kkBNhFfAM2UzizoWCtAfN.oPanUJg3g3A3DnledVp/PvY4s2YnU.6', 'pegawai', NULL, '2026-04-06 23:35:57', '2026-04-06 23:35:57'),
(118, 'ABDURAHMAN BAHARUDIN WAHID', 'baharudinwahida@gmail.com', NULL, '$2y$12$LSIIvymJeznIF//S4IWjiuudSBqLafa8O6RIW.hb4UBctqXyMHw0i', 'pegawai', NULL, '2026-04-06 23:35:58', '2026-04-06 23:35:58'),
(119, 'ABROR WIJAYANTO', 'abrorwijayanto4@gmail.com', NULL, '$2y$12$aSl6oAP/nCwCRdRvhfvnY.cr8shKfy5lbrikVQkV.LKp2rCAvTxJW', 'pegawai', NULL, '2026-04-06 23:35:58', '2026-04-06 23:35:58'),
(120, 'ACHMAD AGUNG NOVIANTO', 'agungnovianto788@gmail.com', NULL, '$2y$12$/zlrOOAcZhDTzgrElCdLn.PVI4CDoNfguZaFtLXA58Bpge5jG1kLm', 'pegawai', NULL, '2026-04-06 23:35:59', '2026-04-06 23:35:59'),
(121, 'ADE IRWANSAH', 'airwansah32@gmail.com', NULL, '$2y$12$waZoPWAQOl979qBfpv8HH.pCfdok3KBJtViJvdhF1BJpRxW9TJ1CW', 'pegawai', NULL, '2026-04-06 23:35:59', '2026-04-06 23:35:59'),
(122, 'ADITYA FATHURROZIQIIN', 'fathurroziqiinaditya@gmail.com', NULL, '$2y$12$1/99T.UEC1XyihP67hDePOoYELKAH5UPh/stWuYtZFlkimcBe/zU6', 'pegawai', NULL, '2026-04-06 23:36:00', '2026-04-06 23:36:00'),
(123, 'AFIF EKO SUHARIYANTO', 'afiflapas@gmail.com', NULL, '$2y$12$aOUwQRfTdMylvl3G3kjOaOiEfXv6XEkBxlaYBz4UivEWom4FilJbC', 'pegawai', NULL, '2026-04-06 23:36:01', '2026-04-06 23:36:01'),
(124, 'AGUNG RIDHO NUGROHO', 'agungridhonugroho6@gmail.com', NULL, '$2y$12$miXqjGn7wHAF.Cireb6nE.e/u/5CpgukfLOMm7d2sB96Hbhily0aW', 'pegawai', NULL, '2026-04-06 23:36:01', '2026-04-06 23:36:01'),
(125, 'AHMAD MUL TAZAM GALIH UBAIDAH', 'amultazam98@gmail.com', NULL, '$2y$12$jvH.jyH6bpc5Hn6vcgqV2eCVu7USWxBRwI6L/hRCB3gmbUDLfOhk6', 'pegawai', NULL, '2026-04-06 23:36:02', '2026-04-06 23:36:02'),
(126, 'AINUR ROZIQ', 'roziqlapas@gmail.com', NULL, '$2y$12$H.keIFLRQ5.h.jYXqD/vBu46ByuTOyN0gvzlg1sTqJTkI.K1zbp7G', 'pegawai', NULL, '2026-04-06 23:36:02', '2026-04-06 23:36:02'),
(127, 'ALDORA AUDRY JULIETIKA ROSE', 'aldoraaudrey540@gmail.com', NULL, '$2y$12$sJPWcxj.hUCBEwK9hyITNu/WyxqY3Ux515WGoRXvC43RP7SF5FWG.', 'pegawai', NULL, '2026-04-06 23:36:03', '2026-04-06 23:36:03'),
(128, 'ALFIYAN PUTRA RAMADHAN', 'alfiyanramadhan@gmail.com', NULL, '$2y$12$7nFCNwZiBNGxDVZqSEc0SeoqbRfNpcILd5KkG2ACvvGI8HDMHM0bG', 'pegawai', NULL, '2026-04-06 23:36:03', '2026-04-06 23:36:03'),
(129, 'ALIEF GUNAWAN', 'aliefgunawan26@gmail.com', NULL, '$2y$12$zsHfTgpF98.kfpI.sReBhOFac3pK/Dhe5ltoIzhkUXpXRvv40F/J6', 'pegawai', NULL, '2026-04-06 23:36:04', '2026-04-06 23:36:04'),
(130, 'ALWAN AISY SAFRADJI', 'alwanvloggers@gmail.com', NULL, '$2y$12$PaVKd/VaPa9qqx0DTbuH4udq011gRVfUQ4jJgSSLUKn7jEamdDKz2', 'pegawai', NULL, '2026-04-06 23:36:04', '2026-04-06 23:36:04'),
(131, 'ANNISA WULANDARI', 'annisaw83@gmail.com', NULL, '$2y$12$DYBUTm8oTqWmfILL4NGviuV5KqcBcs.wJIrxiBbnhSxWuSdDY0JNO', 'pegawai', NULL, '2026-04-06 23:36:05', '2026-04-06 23:36:05'),
(132, 'ARDHAN AR RASYID', 'ardhanarrasyid04@gmail.com', NULL, '$2y$12$bzm6227yX5z4Z.gZ6Tylu.VvJg9ZL6jDclgqnQdHwFh85FO2Ttw0K', 'pegawai', NULL, '2026-04-06 23:36:05', '2026-04-06 23:36:05'),
(133, 'BAHRUR ROZIKIN', 'bahrurrozikin711@gmail.com', NULL, '$2y$12$JMptemgPXxDtVQtSkAfrtuKe8l4Dz5BGI007Gvc8KGR8Bth2P4eW2', 'pegawai', NULL, '2026-04-06 23:36:06', '2026-04-06 23:36:06'),
(134, 'BAMBANG YATMONO', 'bambanglapas@gmail.com', NULL, '$2y$12$i0/y7.rrxuQwxPlOPhhGXeJsj5BmdDbqJkjBlhtZYWTMqkAenOAnG', 'pegawai', NULL, '2026-04-06 23:36:10', '2026-04-06 23:36:10'),
(135, 'BUDI MULYONO', 'budimulyono2301@gmail.com', NULL, '$2y$12$8eCPI2P/VQwRC1IzTSfLKOjSRJPQxzYiW.moMNU1jpNw2tYr5ahpy', 'pegawai', NULL, '2026-04-06 23:36:10', '2026-04-06 23:36:10'),
(136, 'CHILCEN KILAT SOANG', 'kilatchilcen@gmail.com', NULL, '$2y$12$x7Tl13q/npGcabhFxLNgAO1mbPiw4eBDuS1tPgH5xwfIRZ7Vyv76.', 'pegawai', NULL, '2026-04-06 23:36:11', '2026-04-06 23:36:11'),
(137, 'CIPTA PERDANA WIJAYA', 'ciptasalvatore27@gmail.com', NULL, '$2y$12$IOK0B2V5JJNGEI64r.1BtecZtIYWlOfukVde4Kj6/1Yuh4iKS/Y8C', 'pegawai', NULL, '2026-04-06 23:36:11', '2026-04-06 23:36:11'),
(138, 'CITRA NARA SUPRIYONO PUTRI', 'cimutraya@gmail.com', NULL, '$2y$12$5ViM9vPsAwY2kCJykjNJVOYuEAbZRI2wSiT70t3mt71VPjBRuXhu2', 'pegawai', NULL, '2026-04-06 23:36:12', '2026-04-06 23:36:12'),
(139, 'DANANG PANDU WINOTO', 'danangpandu84@gmail.com', NULL, '$2y$12$85iaB/OvEINeqMh41qeWdeUzpNkDlr2J.6zp3KXdUPEiweE2srbIe', 'pegawai', NULL, '2026-04-06 23:36:12', '2026-04-06 23:36:12'),
(140, 'DECKY MUHAROM RADITYA', 'radityadecky82@gmail.com', NULL, '$2y$12$KuB8869OZMWBO.KLhiU6/.oH4pm8zm6o6XJizKQr5U2SctrjtAIHu', 'pegawai', NULL, '2026-04-06 23:36:13', '2026-04-06 23:36:13'),
(141, 'DEVI ASDAH ARIVIANTI', 'deviasdah94@gmail.com', NULL, '$2y$12$I1ugeDLxuKylDKbQrE/2D.sLlgPy/m1mRlO4iVfZiC07b/ehZeRjS', 'pegawai', NULL, '2026-04-06 23:36:13', '2026-04-06 23:36:13'),
(142, 'DHAVID ARDHA WINATA', 'dhavidardha@gmail.com', NULL, '$2y$12$MWZrpApEtCjOfPur6q9.9OCh7QeUW4oSwhBV6UX0rR34P6B0CXfiu', 'pegawai', NULL, '2026-04-06 23:36:14', '2026-04-06 23:36:14'),
(143, 'DIAN PEBRIANTO', 'dianpebrianto25@gmail.com', NULL, '$2y$12$hDE.VUVJKbwIE0PRW2L8L.JSxTTumSXXyY/mSoEddw01eVXYdHE92', 'pegawai', NULL, '2026-04-06 23:36:15', '2026-04-06 23:36:15'),
(144, 'DIRA MERGI ROMANSYAH', 'diramergi@gmail.com', NULL, '$2y$12$nolbeWHnIJuO9fK9J610HuIqMEKQLq02j8rXAmO5ChQtYEeUlNnau', 'pegawai', NULL, '2026-04-06 23:36:15', '2026-04-06 23:36:15'),
(145, 'DONNY WARDHANA', 'donnylapas@gmail.com', NULL, '$2y$12$SD30/Igxb5LSSWZCb2.UHuUl32ua.fQ/6iErwFVBaCTJVeke1uIOK', 'pegawai', NULL, '2026-04-06 23:36:16', '2026-04-06 23:36:16'),
(146, 'DWI HANIS EFENDI', 'dwihanis2504@gmail.com', NULL, '$2y$12$qmVaG8E90ZZkE.UogrUqluqNQxX7RNqS6B88UWA8uY/xGZOv5bzCu', 'pegawai', NULL, '2026-04-06 23:36:16', '2026-04-06 23:36:16'),
(147, 'EDY HARIADY', 'edyhariadylapas@gmail.com', NULL, '$2y$12$cktlVFv97l0tPEPCjtTJMuuaehgegMGQTfO//QtsreT7pWRwkSgUa', 'pegawai', NULL, '2026-04-06 23:36:17', '2026-04-06 23:36:17'),
(148, 'EKA IRIANTI DRAMAS TUTIK', 'ekalapas@gmail.com', NULL, '$2y$12$zdBHY3i5Mn9ac2bBPyLlwunkVxC5FABPmPIlg2Ip.9Oi4niKqByBS', 'pegawai', NULL, '2026-04-06 23:36:17', '2026-04-06 23:36:17'),
(149, 'EKA MULYANINGSIH', 'ekalia784@gmail.com', NULL, '$2y$12$2bo6g6dYmQmtwZTiF9/0xOKh3vcpf7ceS24mpb8LEx8bsp4Tyzpma', 'pegawai', NULL, '2026-04-06 23:36:17', '2026-04-06 23:36:17'),
(150, 'EKO PURNOMO ADI', 'ekopurnomo.offficial@gmail.com', NULL, '$2y$12$kHpJaf1.nrhByCTyKYqvI.6mKUFdep9UenEfbYpdTHDGZTCNKv7yW', 'pegawai', NULL, '2026-04-06 23:36:18', '2026-04-06 23:36:18'),
(151, 'ERIS PRAHANDIKA PUTRA', 'erisputra857@gmail.com', NULL, '$2y$12$RBZ1N2HYcmRqnplxIHs5Gu4rideTtDBRnrJuspSjHmTLFbJJCw.ey', 'pegawai', NULL, '2026-04-06 23:36:18', '2026-04-06 23:36:18'),
(152, 'FAISHAL SEPTIAN PERMANA', 'faishalseptianp@gmail.com', NULL, '$2y$12$8qOshO4HtlCRNnS5DGGUYeEvSjkWeIvxGwca4AiXJ0oe1Fqiwvoky', 'pegawai', NULL, '2026-04-06 23:36:19', '2026-04-06 23:36:19'),
(153, 'GIGIH PUTRAZTA GEGAR PRATAMA', 'gigihputrazta76@gmail.com', NULL, '$2y$12$fMv01ne0T/Z5y/owbzZyC.NTfPTzJEhoVqkJJmBij2y/BGuQjyhH.', 'pegawai', NULL, '2026-04-06 23:36:20', '2026-04-06 23:36:20'),
(154, 'GUSTIANSYAH SURYA WAHYU PAMUNGKAS, S.Tr.Pas', 'gustiansyah.swp52@gmail.com', NULL, '$2y$12$ezUywrY8bcdB8U3nlwXKj.7kkPgOsbizsZ.0bH6FkuRjeWr2LcHnG', 'pegawai', NULL, '2026-04-06 23:36:20', '2026-04-06 23:36:20'),
(155, 'HAMDAN WIDANARTO', 'hamdanhw06@gmail.com', NULL, '$2y$12$tTdTQi7pJmPVZQBawXHacOsV..DoGss2aHoNxNOWKA4KfyhO0dOUa', 'pegawai', NULL, '2026-04-06 23:36:21', '2026-04-06 23:36:21'),
(156, 'HENDRA MARTONO', 'hendramartono19@gmail.com', NULL, '$2y$12$a4ZFO5BGU3RU7UwzUrIAB.c66c60PSd5QWsoUuw5Dd.0cKPWHs.hC', 'pegawai', NULL, '2026-04-06 23:36:21', '2026-04-06 23:36:21'),
(157, 'HENDRI KURNIAWAN', 'hendrikurnia5@gmail.com', NULL, '$2y$12$wZ/C1q8obpO0/WoBDLkbVOHgu.TjK5oGsHe3cRkxJeoyNy5haP.rm', 'pegawai', NULL, '2026-04-06 23:36:22', '2026-04-06 23:36:22'),
(158, 'HENGKY SETYAWAN', 'hengkysetyawan2525@gmail.com', NULL, '$2y$12$wW3/uitHMMGD2foTZ9ttqeSrLTaVfdvi.IMG0uQKPJ4wz1Vi6/47e', 'pegawai', NULL, '2026-04-06 23:36:22', '2026-04-06 23:36:22'),
(159, 'HERI SUSANTO', 'susantohr45@gmail.com', NULL, '$2y$12$jcoAftEGabutTBcAJhuucetb6kv9F38Mpx6vabp7tQhK4PG7Hjdt.', 'pegawai', NULL, '2026-04-06 23:36:23', '2026-04-06 23:36:23'),
(160, 'HERU SUTIONO', 'herusutiono82@gmail.com', NULL, '$2y$12$LUb.T2/gqrYWpJl76YZCNOfxLe/gouEbkaBVAy13deyPj5FUf34YO', 'pegawai', NULL, '2026-04-06 23:36:23', '2026-04-06 23:36:23'),
(161, 'HILBRAM BAYU SEPTIADI', 'hilbrambayu1@gmail.com', NULL, '$2y$12$KRl4lxcAWRxC67vWVRPAvujPMMFBpqdLoRdOn.vf12x3u9bD47yly', 'pegawai', NULL, '2026-04-06 23:36:23', '2026-04-06 23:36:23'),
(162, 'IMAM ANDI SAHPUTRA', 'imam.sahputra17@gmail.com', NULL, '$2y$12$O1D4iHOrlHV5B5BNMrsX..855AxsCN7uGNTs0LX1a8fAZKR3LnJhu', 'pegawai', NULL, '2026-04-06 23:36:24', '2026-04-06 23:36:24'),
(163, 'IRSYAD TAUFAN SAGITA', 'irsyad.taufan@gmail.com', NULL, '$2y$12$zX8fglAw3NalWgXd7ZDdJe8Hr8BYgx/ihRsjYos/3LyuokIQUPln6', 'pegawai', NULL, '2026-04-06 23:36:24', '2026-04-06 23:36:24'),
(164, 'JHORGI DANOVAN ERITAMA', 'jhorgidanovan2002@gmail.com', NULL, '$2y$12$eyim1IjxjkNVnSe7Qy/tQ./AGUFzrcz.uDWb6GO0D1tkc8K27pg8y', 'pegawai', NULL, '2026-04-06 23:36:25', '2026-04-06 23:36:25'),
(165, 'JIHAN SALSA BILLAH', 'jihansalsabillahbam@gmail.com', NULL, '$2y$12$FZcGEBMJy2Uqp8hmw36LFuIKSNB8vyAciLf1e/2D2Df.EG0tRJXzW', 'pegawai', NULL, '2026-04-06 23:36:25', '2026-04-06 23:36:25'),
(166, 'JULI CANDRA IRAWAN', 'juli.candra.irawan@gmail.com', NULL, '$2y$12$6N0tNzP6IKXQj/EhOwanZOt7r7VKNfQNVSj4Sa8yNy1LlqzjgK/tu', 'pegawai', NULL, '2026-04-06 23:36:26', '2026-04-06 23:36:26'),
(167, 'KHOIRUDIN', 'khoirudin.young@gmail.com', NULL, '$2y$12$PQCcmc6k3BWiWzo1nUqzvOuOewtOnEF/QIuEBUutxrh0KBnmzSYZ2', 'pegawai', NULL, '2026-04-06 23:36:27', '2026-04-06 23:36:27'),
(168, 'KHOIRUL ANAM', 'mazzirul99@gmail.com', NULL, '$2y$12$6dW.nEB1NxIUQlGu4WswtO8K4IxY5bFyyKxvwCbtHQMzJeKCKPhDi', 'pegawai', NULL, '2026-04-06 23:36:27', '2026-04-06 23:36:27'),
(169, 'LATIFA ISNA DAMAYANTI', 'latifalapas@gmail.com', NULL, '$2y$12$o69MOC9ugxWiBMGVaG.vKeGO5eqSG4OvIY.FUQ4hVN9AN8xOMSJDS', 'pegawai', NULL, '2026-04-06 23:36:28', '2026-04-06 23:36:28'),
(170, 'LUDFI TEGAR RAMADHAN', 'luteramadhan@gmail.com', NULL, '$2y$12$6ynUoOGQdIzFum2e6xMhDOfOSaExdqbNJqSNtA5jNd9D.RwOgKj5u', 'pegawai', NULL, '2026-04-06 23:36:28', '2026-04-06 23:36:28'),
(171, 'LUTFI NUR FATONI', 'lutfid1stan@gmail.com', NULL, '$2y$12$yA1Hgq4D9iyAFH/rgou21ucfvo.qF1w3aIzlnXVe9EqFnG.h5DqSq', 'pegawai', NULL, '2026-04-06 23:36:29', '2026-04-06 23:36:29'),
(172, 'M. FAZA ASLIQUN NIAM', 'fazaashlikhun@gmail.com', NULL, '$2y$12$/2G2GBon8Bwg3Sn1G0O6p.ILINITlXkGUt6r2rBVVPHGv.uR6IwNe', 'pegawai', NULL, '2026-04-06 23:36:29', '2026-04-06 23:36:29'),
(173, 'M. TAUFIQ AKBAR SUDARTO', 'ta18081996@gmail.com', NULL, '$2y$12$etHzjUEOH25das55VmLFx./IIH03SVXE8hVe8jRN8fMD8KisWY.y.', 'pegawai', NULL, '2026-04-06 23:36:29', '2026-04-06 23:36:29'),
(174, 'MAYA A\'IDA FAUZIYAH', 'mayaaida0503@gmail.com', NULL, '$2y$12$vLwdaySGvPldY8e/mtSPH.UWqUJKOVYNGYg3JFEseucwmCSbrb/pe', 'pegawai', NULL, '2026-04-06 23:36:30', '2026-04-06 23:36:30'),
(175, 'MIFTAQUL RISKI MAULANA', 'jackriski99@gmail.com', NULL, '$2y$12$vPkwc0mIWV63PS9LB8GmZuCI33L58vyBmWsh3imRmd4MNZRKmjzV.', 'pegawai', NULL, '2026-04-06 23:36:30', '2026-04-06 23:36:30'),
(176, 'MOCHAMAD ARIEF KAFANIE', 'ariefchoky872@gmail.com', NULL, '$2y$12$Etj0f0LiHj7.2P2KR6FEdO9KZ0Sv2zVdXhWqfv9Ddv8QUJMHUZSf6', 'pegawai', NULL, '2026-04-06 23:36:31', '2026-04-06 23:36:31'),
(177, 'MOCHAMAD ARSYAD NURFAWWAZA', 'mochaza123@gmail.com', NULL, '$2y$12$dI0Gl00zXLOg6EXqHDqfI.Djbaz0INMLFrKEwHJ7r4qA2RKD32GrC', 'pegawai', NULL, '2026-04-06 23:36:32', '2026-04-06 23:36:32'),
(178, 'MOCHAMAD MACHMUDA HARIS', 'sirah1099@gmail.com', NULL, '$2y$12$gowhpC7eCgh3UXlbFY4XWuMlu457wukMiO5oazV5ZMRIcqXqQ8L1G', 'pegawai', NULL, '2026-04-06 23:36:32', '2026-04-06 23:36:32'),
(179, 'MOHAMAD ABDUL HAKIM', 'hakimabdul2811@gmail.com', NULL, '$2y$12$9tJiBUyTYC7f5mC1u5uK8eIAiRnKFZtOd2rWvH2VqTMJJWNRFgP..', 'pegawai', NULL, '2026-04-06 23:36:33', '2026-04-06 23:36:33'),
(180, 'MOHAMAD RANGGANATA', 'mohamadrangganata@gmail.com', NULL, '$2y$12$PLnnFEfaAfJ/.PFi8zah5uYDZ44YDTyPsHyhJjKrzEWlBqvQ7JAxC', 'pegawai', NULL, '2026-04-06 23:36:33', '2026-04-06 23:36:33'),
(181, 'MOHAMMAD AZWAR ROSYADI', 'azwar.rosyadi24@gmail.com', NULL, '$2y$12$r7S.72xqUtMprjuVoRWheu2X/TW4OPiUF8G8Lqc/2UyVKfuawNhqC', 'pegawai', NULL, '2026-04-06 23:36:34', '2026-04-06 23:36:34'),
(182, 'MOHAMMAD IRFANSYAH', 'ivalbraco.ib@gmail.com', NULL, '$2y$12$PgIVSYuOfs.kM8QbwlvywOFoQesyPqcKnZGZBDwBgWwDFcaP65T2e', 'pegawai', NULL, '2026-04-06 23:36:34', '2026-04-06 23:36:34'),
(183, 'MUHAMAD FIKRAM SETIAWAN', 'setiawanmuhamadfikram@gmail.com', NULL, '$2y$12$0cmI160Ju4QDs0kiUMVEseZHPIfIZoSpluG9TQ89UwSWTv1Uh24By', 'pegawai', NULL, '2026-04-06 23:36:35', '2026-04-06 23:36:35'),
(184, 'MUHAMMAD AINUN NADHIF', 'ainunnadhiff@gmail.com', NULL, '$2y$12$cz0VtgW4v4jsfesMYNV.h.irLh9QhuVRcDqvj94rxxauCwSu.tQBu', 'pegawai', NULL, '2026-04-06 23:36:35', '2026-04-06 23:36:35'),
(185, 'MUHAMMAD CHOIRUL ANAM', 'muhammadchoirulanam22@gmail.com', NULL, '$2y$12$t8j8VVLzQpPKC7OJ3sGojubhNcZyXLtar5Ej1kWj52VQEjfWhAxi2', 'pegawai', NULL, '2026-04-06 23:36:36', '2026-04-06 23:36:36'),
(186, 'MUHAMMAD RESTU HIDAYAH', 'restuh638@gmail.com', NULL, '$2y$12$Xv7xLAy6pObY7q5jxO.QLuM2tHasLdr8hlwHpZWxmwFZ9Yb5p3fkC', 'pegawai', NULL, '2026-04-06 23:36:36', '2026-04-06 23:36:36'),
(187, 'MUKHAMAD IKSAN', 'iksanlapas@gmail.com', NULL, '$2y$12$TwZXCq9mCrezX2X3DXY4luwPDUb8FcX5wsuFtdy3SNzCaEqnCM4pm', 'pegawai', NULL, '2026-04-06 23:36:36', '2026-04-06 23:36:36'),
(188, 'MUTIA REZA HAFIZIDIN', 'rezamutia91@gmail.com', NULL, '$2y$12$0SHNr32.UBXHBZ4DwrnxpOs1NmIcxxBrIwUzrAP4oYD7BILv1oSpi', 'pegawai', NULL, '2026-04-06 23:36:37', '2026-04-06 23:36:37'),
(189, 'NABILLA AYATURROHMAN', 'Nabilrohman45@gmail.com', NULL, '$2y$12$hlj1nNEFdOZWMhDcsGzB5eKJWouvuMrQA083LYw0Pe4oJyS3dH2iW', 'pegawai', NULL, '2026-04-06 23:36:38', '2026-04-06 23:36:38'),
(190, 'NOVIANTORO KUNTHO WIBISONO', 'noviantoro.wibisono@gmail.com', NULL, '$2y$12$bXnVhDDUatfUfjx/BY5aae0NWuM02pALacGEAuOVT7znd9ts.2d4C', 'pegawai', NULL, '2026-04-06 23:36:38', '2026-04-06 23:36:38'),
(191, 'NOVY BAGUS KUSDYANTORO', 'novybagus4@gmail.com', NULL, '$2y$12$6237BaP6kqM/rkTAfSLFaOOAgsNdmrAwCSVU8NLlnlxj/UjUHmV5y', 'pegawai', NULL, '2026-04-06 23:36:39', '2026-04-06 23:36:39'),
(192, 'PUJI WICAKSONO', 'pujiwicak39056@gmail.com', NULL, '$2y$12$CtIfzha3rTiW/cO228TyLOd9z1wyUrqKI.et.p5wFr7kbib6Bt1zu', 'pegawai', NULL, '2026-04-06 23:36:39', '2026-04-06 23:36:39'),
(193, 'QURRATA AYUN AMINU', 'aminuayun@gmail.com', NULL, '$2y$12$hq1Z.A0HMAwOzXVqWanoXO8iTsuuH13oqCNjoINgaCwnjnNQy2HkK', 'pegawai', NULL, '2026-04-06 23:36:40', '2026-04-06 23:36:40'),
(194, 'RADITYA ALDHY PRADANA', 'radityaaldhy6@gmail.com', NULL, '$2y$12$dvAT7/L2xsw.Rjkx9QXkSuKC2bOKFf8SZ9uZ4mCS/Gy6/cFJ8jdLa', 'pegawai', NULL, '2026-04-06 23:36:40', '2026-04-06 23:36:40'),
(195, 'RD EPA FATIMAH', 'kepaw.sincerly@gmail.com', NULL, '$2y$12$S9n/VSQs7kdMQ4LJoDkNcuw.ZIijauqJjVxQXHgRW20Nrf4vfkOBy', 'pegawai', NULL, '2026-04-06 23:36:41', '2026-04-06 23:36:41'),
(196, 'REZA WIDYADANA', 'rezawd99@gmail.com', NULL, '$2y$12$15hRaRYCl7oYlq/bxFIOGOOrfapkEGcowats/WYhqXtkzAjFHUJbC', 'pegawai', NULL, '2026-04-06 23:36:42', '2026-04-06 23:36:42'),
(197, 'REZKI DHARMAWAN', 'dharmawanrezki@gmail.com', NULL, '$2y$12$5mGxQU5rSZlpNAYzklG1C.DkkakyCAaMSv7VwXzxCvR8IRqEw9t8C', 'pegawai', NULL, '2026-04-06 23:36:42', '2026-04-06 23:36:42'),
(198, 'RIKY AGUS PRABOWO', 'rikyprabowo36@gmail.com', NULL, '$2y$12$EzoKJaXVjzczGTrMMbYtBubKjRyOz4ANICCsQOlJnQN64yh.cy6k2', 'pegawai', NULL, '2026-04-06 23:36:43', '2026-04-06 23:36:43'),
(199, 'RINDO SAKA PERDANA', 'rindosaka19@gmail.com', NULL, '$2y$12$oypyQs0.eAb0Yn7mD7R57OqtcO6uz7FFu0DCYMVqZs/D/ANTlD6Yi', 'pegawai', NULL, '2026-04-06 23:36:43', '2026-04-06 23:36:43'),
(200, 'RINO SOLEH SUMITRO', 'rinosoleh30@gmail.com', NULL, '$2y$12$zhBqFawDMjYOT1lEgvjIEuKPeLg6k2VTOaQi4kZYWVQaRgqDBZBo6', 'pegawai', NULL, '2026-04-06 23:36:44', '2026-04-06 23:36:44'),
(201, 'RISKY ARIL ALAMSYAH', 'riskyaril22@gmail.com', NULL, '$2y$12$gNeIaa0vO3QVmaPMQWJEROx2ag4Wf/bSfN.Bq6U9ktWYoKdMXg4Ri', 'pegawai', NULL, '2026-04-06 23:36:45', '2026-04-06 23:36:45'),
(202, 'RIZAL HIDAYATULLOH', 'Hidayatullohrizal102@gmail.com', NULL, '$2y$12$4UlmU5mXNPajcwjLNxI2o.OLWd3u9JkErIVlyaWfop5/uQ2xxVbeK', 'pegawai', NULL, '2026-04-06 23:36:45', '2026-04-06 23:36:45'),
(203, 'RIZAL PRANTAMA DIMAS SAPUTRA', 'Rizalpds99@gmail.com', NULL, '$2y$12$n/jycdlMyoDH7d5zPvgPSOFw0qJWVVtkrUeFSIlfflbFPpDHAmQye', 'pegawai', NULL, '2026-04-06 23:36:46', '2026-04-06 23:36:46'),
(204, 'RIZKI RAHMAT DANIARTO', 'rizkirahmatdaniarto7@gmail.com', NULL, '$2y$12$zxUWZvxrp0CWYXuzDAbrz.zVkuPt7l3F7V2EomCAAf.0Y2dMSU/ze', 'pegawai', NULL, '2026-04-06 23:36:46', '2026-04-06 23:36:46'),
(205, 'ROSIANA NURITASARI', 'rosianalapas@gmail.com', NULL, '$2y$12$rpuAI695o6cxL/0GYxZCIOV29nDHhV5SJPsnMoJRayWkGzVAqbeqS', 'pegawai', NULL, '2026-04-06 23:36:46', '2026-04-06 23:36:46'),
(206, 'RUSLAN ALI KESWANTO', 'aliruslan42@gmail.com', NULL, '$2y$12$Eh7SQDSPsIB0UHXRreIJbOLmCQuU0vVv138fclVgvOwpBnC7by2HC', 'pegawai', NULL, '2026-04-06 23:36:47', '2026-04-06 23:36:47'),
(207, 'SAMUD', 'samudlapas@gmail.com', NULL, '$2y$12$y9uNYOG9TdBfd1.PArVRcuoexR6wbxn8RwR/QK2xK0uEfAqwzQeOS', 'pegawai', NULL, '2026-04-06 23:36:47', '2026-04-06 23:36:47'),
(208, 'SRIANTO', 'sriantolapas@gmail.com', NULL, '$2y$12$LO7AliS92fmHtxD1ZjijQeZPuAmvkB1Z8HrlpTyga22BsRHLjJibm', 'pegawai', NULL, '2026-04-06 23:36:48', '2026-04-06 23:36:48'),
(209, 'SULISTYO HARTADI', 'amilborneo206@gmail.com', NULL, '$2y$12$BhBHzcFroOkjPXGC/hLJfODMgB9gMNwEb7LJ8FJkR6.8eLs71l7Du', 'pegawai', NULL, '2026-04-06 23:36:48', '2026-04-06 23:36:48'),
(210, 'SUMIATUN', 'sumiatunlapas@gmail.com', NULL, '$2y$12$WDEZHp72s4vYUO7oU62oauwt3m.l2L5HwgHDau.DI050ssSwpZAQe', 'pegawai', NULL, '2026-04-06 23:36:49', '2026-04-06 23:36:49'),
(211, 'SUPRIYANTO', 'supriyantolapas9@gmail.com', NULL, '$2y$12$xcJUwXyHtmsUl4BwaYNUueADA/mkEj59p2uVbeQ5hixXDirIOWbXy', 'pegawai', NULL, '2026-04-06 23:36:49', '2026-04-06 23:36:49'),
(212, 'SYAHRUL HANAFI', 'sh28081999@gmail.com', NULL, '$2y$12$igMG7QVMX8lkqYLXIyN1LewYaNdoWSyL1UmN9Gkdl2YjIgO6r8rTW', 'pegawai', NULL, '2026-04-06 23:36:50', '2026-04-06 23:36:50'),
(213, 'SYAHRUL SYABANA', 'sahruliyung559@gmail.com', NULL, '$2y$12$/2v3/brVmmMA6kfUvMMSmOjsWUvt.Y6kXNtg/BgAscL7/io6hI44m', 'pegawai', NULL, '2026-04-06 23:36:50', '2026-04-06 23:36:50'),
(214, 'SYAIFUL FUADI', 'lufiays03@gmail.com', NULL, '$2y$12$PiTahBkGX/N8Azqgp/ijzuBMglYvNI4GZxOn1h8qI4.FIWWXs7dBm', 'pegawai', NULL, '2026-04-06 23:36:51', '2026-04-06 23:36:51'),
(215, 'SYAMSUL ANWAR', 'syamsullapas@gmail.com', NULL, '$2y$12$M2b8YcabBdZkitIyjEqdM.E4CdoojnT9K7wBII7VrhkkW5BgmTl.G', 'pegawai', NULL, '2026-04-06 23:36:51', '2026-04-06 23:36:51'),
(216, 'TATAG DONI SYAHPUTRA', 'Tatagsyahputra9@gmail.com', NULL, '$2y$12$6ylv.lGZow6NdYgmVu02p.QC7M3vl9BAMdiEGF95rwd/CKogf/3T2', 'pegawai', NULL, '2026-04-06 23:36:52', '2026-04-06 23:36:52'),
(217, 'TAUFIK NUR WIBOWO', 'opek.aquarius@gmail.com', NULL, '$2y$12$ZdmbDuDtnPqCSbsfIaGQ1u06lwbU/e4C6IOp1wURxxPgoFWz/OC0a', 'pegawai', NULL, '2026-04-06 23:36:53', '2026-04-06 23:36:53'),
(218, 'THOMAS JOHANNES HATUSUPY', 'thomasjombang01@gmail.com', NULL, '$2y$12$U/VcgLteBugf/hAghHe9kuKyGpAhT7ty1tEQQ/Npxuqp0cCOY6bGy', 'pegawai', NULL, '2026-04-06 23:36:53', '2026-04-06 23:36:53'),
(219, 'VONIS AHMAD MAKHRUS', 'ahmadvonis@gmail.com', NULL, '$2y$12$0hAgqCogGfv/qiBEfotG2ub32Ng6r4pSkfsKyOsPMQcAvA.X51Bba', 'pegawai', NULL, '2026-04-06 23:36:54', '2026-04-06 23:36:54'),
(220, 'WAWAN SISWANTO', 'wawansiswantolapas@gmail.com', NULL, '$2y$12$VJH6rfVyw1j7hiAm10OWYOcn6UDAgZBbtAknB2nApXo8nC5GzqRnm', 'pegawai', NULL, '2026-04-06 23:36:55', '2026-04-06 23:36:55'),
(221, 'WILLYAM DARMA SANTOSO', 'willyvideo2705@gmail.com', NULL, '$2y$12$YDD2yKZJR7/ni/AZLTayXOE.jHAatq/xTWyGW6zb.HBhN4IhYZGyq', 'pegawai', NULL, '2026-04-06 23:36:55', '2026-04-06 23:36:55'),
(222, 'ZUSA IKHWANUL KIROM', 'yusakirom@gmail.com', NULL, '$2y$12$GMOitIb0pRQJ2U.t7.cm9OSPBmHvLen5wv1Nxw0SNFlQdJSjlS7E.', 'pegawai', NULL, '2026-04-06 23:36:56', '2026-04-06 23:36:56');

-- --------------------------------------------------------

--
-- Struktur dari tabel `work_units`
--

CREATE TABLE `work_units` (
  `id` bigint(20) UNSIGNED NOT NULL,
  `name` varchar(255) NOT NULL,
  `slug` varchar(255) NOT NULL,
  `created_at` timestamp NULL DEFAULT NULL,
  `updated_at` timestamp NULL DEFAULT NULL
) ENGINE=InnoDB DEFAULT CHARSET=utf8mb4 COLLATE=utf8mb4_unicode_ci;

--
-- Dumping data untuk tabel `work_units`
--

INSERT INTO `work_units` (`id`, `name`, `slug`, `created_at`, `updated_at`) VALUES
(1, 'Bagian Umum', 'bagian-umum', '2026-03-31 22:07:59', '2026-03-31 22:07:59'),
(2, 'Kesatuan Pengamanan', 'kesatuan-pengamanan', '2026-03-31 22:07:59', '2026-03-31 22:07:59'),
(3, 'Seksi Binadik', 'seksi-binadik', '2026-03-31 22:07:59', '2026-03-31 22:07:59'),
(4, 'Seksi Giatja', 'seksi-giatja', '2026-03-31 22:07:59', '2026-03-31 22:07:59'),
(5, 'Seksi Adm Kamtib', 'seksi-adm-kamtib', '2026-03-31 22:07:59', '2026-03-31 22:07:59'),
(6, 'LEMBAGA PEMASYARAKATAN KELAS IIB JOMBANG', 'lembaga-pemasyarakatan-kelas-iib-jombang', '2026-04-05 01:08:23', '2026-04-05 01:08:23'),
(7, 'Jabatan', 'jabatan', '2026-04-06 21:57:45', '2026-04-06 21:57:45'),
(8, 'PENGELOLA BARANG MILIK NEGARA', 'pengelola-barang-milik-negara', '2026-04-06 21:57:46', '2026-04-06 21:57:46'),
(9, 'DOKTER PERTAMA', 'dokter-pertama', '2026-04-06 21:57:47', '2026-04-06 21:57:47'),
(10, 'PETUGAS/ANGGOTA JAGA', 'petugasanggota-jaga', '2026-04-06 21:57:47', '2026-04-06 21:57:47'),
(11, 'KEPALA SUBBAGIAN TATA USAHA', 'kepala-subbagian-tata-usaha', '2026-04-06 21:57:49', '2026-04-06 21:57:49'),
(12, 'BENDAHARA PENERIMAAN SATUAN KERJA', 'bendahara-penerimaan-satuan-kerja', '2026-04-06 21:57:51', '2026-04-06 21:57:51'),
(13, 'PENJAGA TAHANAN', 'penjaga-tahanan', '2026-04-06 21:57:51', '2026-04-06 21:57:51'),
(14, 'PENGADMINISTRASI UMUM', 'pengadministrasi-umum', '2026-04-06 21:57:53', '2026-04-06 21:57:53'),
(15, 'KEPALA SUBSEKSI KEGIATAN KERJA', 'kepala-subseksi-kegiatan-kerja', '2026-04-06 21:57:55', '2026-04-06 21:57:55'),
(16, 'PERAWAT PERTAMA', 'perawat-pertama', '2026-04-06 21:57:56', '2026-04-06 21:57:56'),
(17, 'KEPALA URUSAN KEPEGAWAIAN DAN KEUANGAN', 'kepala-urusan-kepegawaian-dan-keuangan', '2026-04-06 21:57:57', '2026-04-06 21:57:57'),
(18, 'PENGELOLA DAN PENGOLAH MAKANAN', 'pengelola-dan-pengolah-makanan', '2026-04-06 21:57:57', '2026-04-06 21:57:57'),
(19, 'PENGOLAH DATA KESEHATAN', 'pengolah-data-kesehatan', '2026-04-06 21:58:00', '2026-04-06 21:58:00'),
(20, 'KEPALA SUBSEKSI KEAMANAN', 'kepala-subseksi-keamanan', '2026-04-06 21:58:01', '2026-04-06 21:58:01'),
(21, 'PENGOLAH DATA LAPORAN PEMELIHARAAN PERLENGKAPAN', 'pengolah-data-laporan-pemeliharaan-perlengkapan', '2026-04-06 21:58:01', '2026-04-06 21:58:01'),
(22, 'PENELAAH STATUS WARGA BINAAN PEMASYARAKATAN', 'penelaah-status-warga-binaan-pemasyarakatan', '2026-04-06 21:58:02', '2026-04-06 21:58:02'),
(23, 'KEPALA SUBSEKSI REGISTRASI DAN BIMBINGAN KEMASYARAKATAN', 'kepala-subseksi-registrasi-dan-bimbingan-kemasyarakatan', '2026-04-06 21:58:05', '2026-04-06 21:58:05'),
(24, 'PENGADMINISTRASI LAYANAN KUNJUNGAN', 'pengadministrasi-layanan-kunjungan', '2026-04-06 21:58:06', '2026-04-06 21:58:06'),
(25, 'KEPALA SEKSI ADMINISTRASI KEAMANAN DAN TATA TERTIB', 'kepala-seksi-administrasi-keamanan-dan-tata-tertib', '2026-04-06 21:58:07', '2026-04-06 21:58:07'),
(26, 'KEPALA URUSAN UMUM', 'kepala-urusan-umum', '2026-04-06 21:58:12', '2026-04-06 21:58:12'),
(27, 'BENDAHARA PENGELUARAN SATUAN KERJA', 'bendahara-pengeluaran-satuan-kerja', '2026-04-06 21:58:13', '2026-04-06 21:58:13'),
(28, 'KEPALA KESATUAN PENGAMANAN LAPAS', 'kepala-kesatuan-pengamanan-lapas', '2026-04-06 21:58:15', '2026-04-06 21:58:15'),
(29, 'KEPALA SUBSEKSI PERAWATAN NARAPIDANA/ANAK DIDIK', 'kepala-subseksi-perawatan-narapidanaanak-didik', '2026-04-06 21:58:16', '2026-04-06 21:58:16'),
(30, 'PENGELOLA HASIL KERJA', 'pengelola-hasil-kerja', '2026-04-06 21:58:17', '2026-04-06 21:58:17'),
(31, 'PEMBINA KEAMANAN PEMASYARAKATAN AHLI PERTAMA', 'pembina-keamanan-pemasyarakatan-ahli-pertama', '2026-04-06 21:58:20', '2026-04-06 21:58:20'),
(32, 'KEPALA SEKSI BIMBINGAN NARAPIDANA/ANAK DIDIK DAN KEGIATAN KERJA', 'kepala-seksi-bimbingan-narapidanaanak-didik-dan-kegiatan-kerja', '2026-04-06 21:58:23', '2026-04-06 21:58:23'),
(33, 'KEPALA LEMBAGA PEMASYARAKATAN', 'kepala-lembaga-pemasyarakatan', '2026-04-06 21:58:25', '2026-04-06 21:58:25'),
(34, 'KEPALA SUBSEKSI PELAPORAN DAN TATA TERTIB', 'kepala-subseksi-pelaporan-dan-tata-tertib', '2026-04-06 21:58:29', '2026-04-06 21:58:29'),
(35, 'KOMANDAN JAGA PEMASYARAKATAN/KEIMIGRASIAN', 'komandan-jaga-pemasyarakatankeimigrasian', '2026-04-06 21:58:30', '2026-04-06 21:58:30'),
(36, 'PENGELOLA DATA KEPEGAWAIAN', 'pengelola-data-kepegawaian', '2026-04-06 21:58:32', '2026-04-06 21:58:32');

--
-- Indexes for dumped tables
--

--
-- Indeks untuk tabel `announcements`
--
ALTER TABLE `announcements`
  ADD PRIMARY KEY (`id`),
  ADD KEY `announcements_user_id_foreign` (`user_id`);

--
-- Indeks untuk tabel `attendances`
--
ALTER TABLE `attendances`
  ADD PRIMARY KEY (`id`),
  ADD UNIQUE KEY `attendances_employee_id_date_unique` (`employee_id`,`date`),
  ADD KEY `attendances_employee_id_date_index` (`employee_id`,`date`),
  ADD KEY `attendances_date_index` (`date`),
  ADD KEY `attendances_status_date_index` (`status`,`date`);

--
-- Indeks untuk tabel `audit_logs`
--
ALTER TABLE `audit_logs`
  ADD PRIMARY KEY (`id`),
  ADD KEY `audit_logs_user_id_foreign` (`user_id`),
  ADD KEY `audit_logs_document_id_foreign` (`document_id`),
  ADD KEY `audit_logs_auditable_type_auditable_id_index` (`auditable_type`,`auditable_id`);

--
-- Indeks untuk tabel `cache`
--
ALTER TABLE `cache`
  ADD PRIMARY KEY (`key`),
  ADD KEY `cache_expiration_index` (`expiration`);

--
-- Indeks untuk tabel `cache_locks`
--
ALTER TABLE `cache_locks`
  ADD PRIMARY KEY (`key`),
  ADD KEY `cache_locks_expiration_index` (`expiration`);

--
-- Indeks untuk tabel `categories`
--
ALTER TABLE `categories`
  ADD PRIMARY KEY (`id`),
  ADD UNIQUE KEY `categories_slug_unique` (`slug`);

--
-- Indeks untuk tabel `documents`
--
ALTER TABLE `documents`
  ADD PRIMARY KEY (`id`),
  ADD KEY `documents_employee_id_foreign` (`employee_id`),
  ADD KEY `documents_document_category_id_foreign` (`document_category_id`);

--
-- Indeks untuk tabel `document_categories`
--
ALTER TABLE `document_categories`
  ADD PRIMARY KEY (`id`),
  ADD UNIQUE KEY `document_categories_slug_unique` (`slug`);

--
-- Indeks untuk tabel `document_versions`
--
ALTER TABLE `document_versions`
  ADD PRIMARY KEY (`id`),
  ADD KEY `document_versions_document_id_foreign` (`document_id`);

--
-- Indeks untuk tabel `employees`
--
ALTER TABLE `employees`
  ADD PRIMARY KEY (`id`),
  ADD UNIQUE KEY `employees_nip_unique` (`nip`),
  ADD KEY `employees_user_id_foreign` (`user_id`),
  ADD KEY `employees_position_id_foreign` (`position_id`),
  ADD KEY `employees_work_unit_id_foreign` (`work_unit_id`),
  ADD KEY `employees_squad_id_foreign` (`squad_id`),
  ADD KEY `employees_rank_id_foreign` (`rank_id`),
  ADD KEY `employees_category_id_index` (`category_id`),
  ADD KEY `employees_tunkin_id_foreign` (`tunkin_id`);

--
-- Indeks untuk tabel `failed_jobs`
--
ALTER TABLE `failed_jobs`
  ADD PRIMARY KEY (`id`),
  ADD UNIQUE KEY `failed_jobs_uuid_unique` (`uuid`);

--
-- Indeks untuk tabel `jobs`
--
ALTER TABLE `jobs`
  ADD PRIMARY KEY (`id`),
  ADD KEY `jobs_queue_index` (`queue`);

--
-- Indeks untuk tabel `job_batches`
--
ALTER TABLE `job_batches`
  ADD PRIMARY KEY (`id`);

--
-- Indeks untuk tabel `migrations`
--
ALTER TABLE `migrations`
  ADD PRIMARY KEY (`id`);

--
-- Indeks untuk tabel `notifications`
--
ALTER TABLE `notifications`
  ADD PRIMARY KEY (`id`),
  ADD KEY `notifications_notifiable_type_notifiable_id_index` (`notifiable_type`,`notifiable_id`);

--
-- Indeks untuk tabel `password_reset_tokens`
--
ALTER TABLE `password_reset_tokens`
  ADD PRIMARY KEY (`email`);

--
-- Indeks untuk tabel `positions`
--
ALTER TABLE `positions`
  ADD PRIMARY KEY (`id`),
  ADD UNIQUE KEY `positions_name_unique` (`name`),
  ADD UNIQUE KEY `positions_slug_unique` (`slug`);

--
-- Indeks untuk tabel `ranks`
--
ALTER TABLE `ranks`
  ADD PRIMARY KEY (`id`),
  ADD UNIQUE KEY `ranks_name_unique` (`name`);

--
-- Indeks untuk tabel `report_issues`
--
ALTER TABLE `report_issues`
  ADD PRIMARY KEY (`id`),
  ADD KEY `report_issues_user_id_foreign` (`user_id`);

--
-- Indeks untuk tabel `schedules`
--
ALTER TABLE `schedules`
  ADD PRIMARY KEY (`id`),
  ADD UNIQUE KEY `schedules_employee_id_date_unique` (`employee_id`,`date`),
  ADD KEY `schedules_shift_id_foreign` (`shift_id`),
  ADD KEY `schedules_schedule_type_id_date_index` (`schedule_type_id`,`date`),
  ADD KEY `schedules_date_index` (`date`);

--
-- Indeks untuk tabel `schedule_types`
--
ALTER TABLE `schedule_types`
  ADD PRIMARY KEY (`id`),
  ADD UNIQUE KEY `schedule_types_code_unique` (`code`);

--
-- Indeks untuk tabel `sessions`
--
ALTER TABLE `sessions`
  ADD PRIMARY KEY (`id`),
  ADD KEY `sessions_user_id_index` (`user_id`),
  ADD KEY `sessions_last_activity_index` (`last_activity`);

--
-- Indeks untuk tabel `settings`
--
ALTER TABLE `settings`
  ADD PRIMARY KEY (`id`),
  ADD UNIQUE KEY `settings_key_unique` (`key`);

--
-- Indeks untuk tabel `shifts`
--
ALTER TABLE `shifts`
  ADD PRIMARY KEY (`id`);

--
-- Indeks untuk tabel `squads`
--
ALTER TABLE `squads`
  ADD PRIMARY KEY (`id`),
  ADD UNIQUE KEY `squads_name_type_unique` (`name`,`type`),
  ADD KEY `squads_schedule_type_id_foreign` (`schedule_type_id`);

--
-- Indeks untuk tabel `squad_schedules`
--
ALTER TABLE `squad_schedules`
  ADD PRIMARY KEY (`id`),
  ADD UNIQUE KEY `squad_schedules_squad_shift_date_unique` (`squad_id`,`shift_id`,`date`),
  ADD KEY `squad_schedules_shift_id_foreign` (`shift_id`);

--
-- Indeks untuk tabel `tunkins`
--
ALTER TABLE `tunkins`
  ADD PRIMARY KEY (`id`),
  ADD UNIQUE KEY `tunkins_grade_unique` (`grade`);

--
-- Indeks untuk tabel `users`
--
ALTER TABLE `users`
  ADD PRIMARY KEY (`id`),
  ADD UNIQUE KEY `users_email_unique` (`email`);

--
-- Indeks untuk tabel `work_units`
--
ALTER TABLE `work_units`
  ADD PRIMARY KEY (`id`),
  ADD UNIQUE KEY `work_units_name_unique` (`name`),
  ADD UNIQUE KEY `work_units_slug_unique` (`slug`);

--
-- AUTO_INCREMENT untuk tabel yang dibuang
--

--
-- AUTO_INCREMENT untuk tabel `announcements`
--
ALTER TABLE `announcements`
  MODIFY `id` bigint(20) UNSIGNED NOT NULL AUTO_INCREMENT, AUTO_INCREMENT=4;

--
-- AUTO_INCREMENT untuk tabel `attendances`
--
ALTER TABLE `attendances`
  MODIFY `id` bigint(20) UNSIGNED NOT NULL AUTO_INCREMENT, AUTO_INCREMENT=1619;

--
-- AUTO_INCREMENT untuk tabel `audit_logs`
--
ALTER TABLE `audit_logs`
  MODIFY `id` bigint(20) UNSIGNED NOT NULL AUTO_INCREMENT, AUTO_INCREMENT=129;

--
-- AUTO_INCREMENT untuk tabel `categories`
--
ALTER TABLE `categories`
  MODIFY `id` bigint(20) UNSIGNED NOT NULL AUTO_INCREMENT, AUTO_INCREMENT=7;

--
-- AUTO_INCREMENT untuk tabel `documents`
--
ALTER TABLE `documents`
  MODIFY `id` bigint(20) UNSIGNED NOT NULL AUTO_INCREMENT, AUTO_INCREMENT=5;

--
-- AUTO_INCREMENT untuk tabel `document_categories`
--
ALTER TABLE `document_categories`
  MODIFY `id` bigint(20) UNSIGNED NOT NULL AUTO_INCREMENT, AUTO_INCREMENT=7;

--
-- AUTO_INCREMENT untuk tabel `document_versions`
--
ALTER TABLE `document_versions`
  MODIFY `id` bigint(20) UNSIGNED NOT NULL AUTO_INCREMENT;

--
-- AUTO_INCREMENT untuk tabel `employees`
--
ALTER TABLE `employees`
  MODIFY `id` bigint(20) UNSIGNED NOT NULL AUTO_INCREMENT, AUTO_INCREMENT=330;

--
-- AUTO_INCREMENT untuk tabel `failed_jobs`
--
ALTER TABLE `failed_jobs`
  MODIFY `id` bigint(20) UNSIGNED NOT NULL AUTO_INCREMENT;

--
-- AUTO_INCREMENT untuk tabel `jobs`
--
ALTER TABLE `jobs`
  MODIFY `id` bigint(20) UNSIGNED NOT NULL AUTO_INCREMENT;

--
-- AUTO_INCREMENT untuk tabel `migrations`
--
ALTER TABLE `migrations`
  MODIFY `id` int(10) UNSIGNED NOT NULL AUTO_INCREMENT, AUTO_INCREMENT=58;

--
-- AUTO_INCREMENT untuk tabel `positions`
--
ALTER TABLE `positions`
  MODIFY `id` bigint(20) UNSIGNED NOT NULL AUTO_INCREMENT, AUTO_INCREMENT=143;

--
-- AUTO_INCREMENT untuk tabel `ranks`
--
ALTER TABLE `ranks`
  MODIFY `id` bigint(20) UNSIGNED NOT NULL AUTO_INCREMENT, AUTO_INCREMENT=19;

--
-- AUTO_INCREMENT untuk tabel `report_issues`
--
ALTER TABLE `report_issues`
  MODIFY `id` bigint(20) UNSIGNED NOT NULL AUTO_INCREMENT, AUTO_INCREMENT=2;

--
-- AUTO_INCREMENT untuk tabel `schedules`
--
ALTER TABLE `schedules`
  MODIFY `id` bigint(20) UNSIGNED NOT NULL AUTO_INCREMENT, AUTO_INCREMENT=2560;

--
-- AUTO_INCREMENT untuk tabel `schedule_types`
--
ALTER TABLE `schedule_types`
  MODIFY `id` bigint(20) UNSIGNED NOT NULL AUTO_INCREMENT, AUTO_INCREMENT=33;

--
-- AUTO_INCREMENT untuk tabel `settings`
--
ALTER TABLE `settings`
  MODIFY `id` bigint(20) UNSIGNED NOT NULL AUTO_INCREMENT, AUTO_INCREMENT=16;

--
-- AUTO_INCREMENT untuk tabel `shifts`
--
ALTER TABLE `shifts`
  MODIFY `id` bigint(20) UNSIGNED NOT NULL AUTO_INCREMENT, AUTO_INCREMENT=18;

--
-- AUTO_INCREMENT untuk tabel `squads`
--
ALTER TABLE `squads`
  MODIFY `id` bigint(20) UNSIGNED NOT NULL AUTO_INCREMENT, AUTO_INCREMENT=137;

--
-- AUTO_INCREMENT untuk tabel `squad_schedules`
--
ALTER TABLE `squad_schedules`
  MODIFY `id` bigint(20) UNSIGNED NOT NULL AUTO_INCREMENT, AUTO_INCREMENT=230;

--
-- AUTO_INCREMENT untuk tabel `tunkins`
--
ALTER TABLE `tunkins`
  MODIFY `id` bigint(20) UNSIGNED NOT NULL AUTO_INCREMENT, AUTO_INCREMENT=18;

--
-- AUTO_INCREMENT untuk tabel `users`
--
ALTER TABLE `users`
  MODIFY `id` bigint(20) UNSIGNED NOT NULL AUTO_INCREMENT, AUTO_INCREMENT=230;

--
-- AUTO_INCREMENT untuk tabel `work_units`
--
ALTER TABLE `work_units`
  MODIFY `id` bigint(20) UNSIGNED NOT NULL AUTO_INCREMENT, AUTO_INCREMENT=37;

--
-- Ketidakleluasaan untuk tabel pelimpahan (Dumped Tables)
--

--
-- Ketidakleluasaan untuk tabel `announcements`
--
ALTER TABLE `announcements`
  ADD CONSTRAINT `announcements_user_id_foreign` FOREIGN KEY (`user_id`) REFERENCES `users` (`id`) ON DELETE CASCADE;

--
-- Ketidakleluasaan untuk tabel `attendances`
--
ALTER TABLE `attendances`
  ADD CONSTRAINT `attendances_employee_id_foreign` FOREIGN KEY (`employee_id`) REFERENCES `employees` (`id`) ON DELETE CASCADE;

--
-- Ketidakleluasaan untuk tabel `audit_logs`
--
ALTER TABLE `audit_logs`
  ADD CONSTRAINT `audit_logs_document_id_foreign` FOREIGN KEY (`document_id`) REFERENCES `documents` (`id`) ON DELETE CASCADE,
  ADD CONSTRAINT `audit_logs_user_id_foreign` FOREIGN KEY (`user_id`) REFERENCES `users` (`id`) ON DELETE CASCADE;

--
-- Ketidakleluasaan untuk tabel `documents`
--
ALTER TABLE `documents`
  ADD CONSTRAINT `documents_document_category_id_foreign` FOREIGN KEY (`document_category_id`) REFERENCES `document_categories` (`id`) ON DELETE CASCADE,
  ADD CONSTRAINT `documents_employee_id_foreign` FOREIGN KEY (`employee_id`) REFERENCES `employees` (`id`) ON DELETE CASCADE;

--
-- Ketidakleluasaan untuk tabel `document_versions`
--
ALTER TABLE `document_versions`
  ADD CONSTRAINT `document_versions_document_id_foreign` FOREIGN KEY (`document_id`) REFERENCES `documents` (`id`) ON DELETE CASCADE;

--
-- Ketidakleluasaan untuk tabel `employees`
--
ALTER TABLE `employees`
  ADD CONSTRAINT `employees_category_id_foreign` FOREIGN KEY (`category_id`) REFERENCES `categories` (`id`) ON DELETE SET NULL,
  ADD CONSTRAINT `employees_position_id_foreign` FOREIGN KEY (`position_id`) REFERENCES `positions` (`id`) ON DELETE SET NULL,
  ADD CONSTRAINT `employees_rank_id_foreign` FOREIGN KEY (`rank_id`) REFERENCES `ranks` (`id`) ON DELETE SET NULL,
  ADD CONSTRAINT `employees_squad_id_foreign` FOREIGN KEY (`squad_id`) REFERENCES `squads` (`id`) ON DELETE SET NULL,
  ADD CONSTRAINT `employees_tunkin_id_foreign` FOREIGN KEY (`tunkin_id`) REFERENCES `tunkins` (`id`) ON DELETE SET NULL,
  ADD CONSTRAINT `employees_user_id_foreign` FOREIGN KEY (`user_id`) REFERENCES `users` (`id`) ON DELETE CASCADE,
  ADD CONSTRAINT `employees_work_unit_id_foreign` FOREIGN KEY (`work_unit_id`) REFERENCES `work_units` (`id`) ON DELETE SET NULL;

--
-- Ketidakleluasaan untuk tabel `report_issues`
--
ALTER TABLE `report_issues`
  ADD CONSTRAINT `report_issues_user_id_foreign` FOREIGN KEY (`user_id`) REFERENCES `users` (`id`) ON DELETE CASCADE;

--
-- Ketidakleluasaan untuk tabel `schedules`
--
ALTER TABLE `schedules`
  ADD CONSTRAINT `schedules_employee_id_foreign` FOREIGN KEY (`employee_id`) REFERENCES `employees` (`id`) ON DELETE CASCADE,
  ADD CONSTRAINT `schedules_schedule_type_id_foreign` FOREIGN KEY (`schedule_type_id`) REFERENCES `schedule_types` (`id`) ON DELETE SET NULL,
  ADD CONSTRAINT `schedules_shift_id_foreign` FOREIGN KEY (`shift_id`) REFERENCES `shifts` (`id`) ON DELETE CASCADE;

--
-- Ketidakleluasaan untuk tabel `squads`
--
ALTER TABLE `squads`
  ADD CONSTRAINT `squads_schedule_type_id_foreign` FOREIGN KEY (`schedule_type_id`) REFERENCES `schedule_types` (`id`) ON DELETE SET NULL;

--
-- Ketidakleluasaan untuk tabel `squad_schedules`
--
ALTER TABLE `squad_schedules`
  ADD CONSTRAINT `squad_schedules_shift_id_foreign` FOREIGN KEY (`shift_id`) REFERENCES `shifts` (`id`) ON DELETE CASCADE,
  ADD CONSTRAINT `squad_schedules_squad_id_foreign` FOREIGN KEY (`squad_id`) REFERENCES `squads` (`id`) ON DELETE CASCADE;
COMMIT;

/*!40101 SET CHARACTER_SET_CLIENT=@OLD_CHARACTER_SET_CLIENT */;
/*!40101 SET CHARACTER_SET_RESULTS=@OLD_CHARACTER_SET_RESULTS */;
/*!40101 SET COLLATION_CONNECTION=@OLD_COLLATION_CONNECTION */;
